"genotype1","genotype2","pair","plot_type","GY","STB"
"EL4X_212","EL4X_212","EL4X_212_EL4X_212","M",743.39342713412,2
"EL4X_185","EL4X_185","EL4X_185_EL4X_185","M",766.271586977213,1
"EL4X_207","EL4X_207","EL4X_207_EL4X_207","M",777.484963028173,1
"EL4X_329","EL4X_329","EL4X_329_EL4X_329","M",821.108733973369,1
"EL4X_504","EL4X_504","EL4X_504_EL4X_504","M",544.482068345751,2.5
"GQ4X_140","GQ4X_140","GQ4X_140_GQ4X_140","M",640.886560917789,2
"EL4X_474","EL4X_474","EL4X_474_EL4X_474","M",849.629424508023,NA
"EL4X_288","EL4X_288","EL4X_288_EL4X_288","M",565.817699560202,NA
"EL4X_470","EL4X_470","EL4X_470_EL4X_470","M",853.437558150809,NA
"EL4X_459","EL4X_459","EL4X_459_EL4X_459","M",588.314708726574,NA
"EL4X_182","EL4X_182","EL4X_182_EL4X_182","M",500.149121740302,NA
"GQ4X_75","GQ4X_75","GQ4X_75_GQ4X_75","M",774.379370159215,NA
"EL4X_118","EL4X_118","EL4X_118_EL4X_118","M",472.310634240082,NA
"GQ4X_112","GQ4X_112","GQ4X_112_GQ4X_112","M",641.825279039608,NA
"EL4X_410","EL4X_410","EL4X_410_EL4X_410","M",585.580021202943,NA
"GQ4X_119","GQ4X_119","GQ4X_119_GQ4X_119","M",740.374502799929,NA
"EL4X_488","EL4X_488","EL4X_488_EL4X_488","M",785.776875350116,NA
"EL4X_239","EL4X_239","EL4X_239_EL4X_239","M",631.403568586568,NA
"EL4X_335","EL4X_335","EL4X_335_EL4X_335","M",637.616754892904,NA
"EL4X_70","EL4X_70","EL4X_70_EL4X_70","M",783.086583000027,2
"EL4X_370","EL4X_370","EL4X_370_EL4X_370","M",797.495553514652,2.5
"EL4X_241","EL4X_241","EL4X_241_EL4X_241","M",689.019424312657,2
"EL4X_460","EL4X_460","EL4X_460_EL4X_460","M",689.471122024053,2
"EL4X_436","EL4X_436","EL4X_436_EL4X_436","M",755.806692041969,2.5
"EL4X_229","EL4X_229","EL4X_229_EL4X_229","M",755.225188706106,1.5
"GQ4X_76","GQ4X_76","GQ4X_76_GQ4X_76","M",881.049119467645,2.5
"EL4X_202","EL4X_202","EL4X_202_EL4X_202","M",679.103092021445,3
"EL4X_423","EL4X_423","EL4X_423_EL4X_423","M",711.578518973196,2
"GQ4X_175","GQ4X_175","GQ4X_175_GQ4X_175","M",739.121867327229,2
"EL4X_201","EL4X_201","EL4X_201_EL4X_201","M",526.885328048742,1.5
"EL4X_68","EL4X_68","EL4X_68_EL4X_68","M",688.374966993261,1
"EL4X_265","EL4X_265","EL4X_265_EL4X_265","M",692.610786598157,1
"EL4X_222","EL4X_222","EL4X_222_EL4X_222","M",940.288163552491,1
"GQ4X_82","GQ4X_82","GQ4X_82_GQ4X_82","M",605.834093974489,2
"EL4X_73","EL4X_73","EL4X_73_EL4X_73","M",698.45932054219,2
"EL4X_122","EL4X_122","EL4X_122_EL4X_122","M",930.814659144476,1.5
"EL4X_336","EL4X_336","EL4X_336_EL4X_336","M",742.075790990474,2
"EL4X_131","EL4X_131","EL4X_131_EL4X_131","M",832.511727470402,2
"EL4X_16","EL4X_16","EL4X_16_EL4X_16","M",643.502587066679,1.5
"EL4X_368","EL4X_368","EL4X_368_EL4X_368","M",676.818806845925,0.5
"EL4X_145","EL4X_145","EL4X_145_EL4X_145","M",754.789227162501,2
"EL4X_237","EL4X_237","EL4X_237_EL4X_237","M",864.150628984578,2
"EL4X_3","EL4X_3","EL4X_3_EL4X_3","M",676.904230256816,1.5
"EL4X_261","EL4X_261","EL4X_261_EL4X_261","M",755.629142668435,1.5
"EL4X_483","EL4X_483","EL4X_483_EL4X_483","M",609.284462352955,2
"EL4X_371","EL4X_371","EL4X_371_EL4X_371","M",579.449116778064,1.5
"EL4X_230","EL4X_230","EL4X_230_EL4X_230","M",738.57681708378,2
"EL4X_49","EL4X_49","EL4X_49_EL4X_49","M",722.667932062968,2
"EL4X_153","EL4X_153","EL4X_153_EL4X_153","M",703.33445176459,2.5
"EL4X_376","EL4X_376","EL4X_376_EL4X_376","M",623.084459721707,1
"EL4X_453","EL4X_453","EL4X_453_EL4X_453","M",665.02813755458,1.5
"GQ4X_149","GQ4X_149","GQ4X_149_GQ4X_149","M",663.762782542093,2
"EL4X_407","EL4X_407","EL4X_407_EL4X_407","M",611.057718601023,1
"EL4X_28","EL4X_28","EL4X_28_EL4X_28","M",721.683549214629,1
"GQ4X_67","GQ4X_67","GQ4X_67_GQ4X_67","M",879.403003662774,2
"EL4X_101","EL4X_101","EL4X_101_EL4X_101","M",707.616803480615,2
"GQ4X_5","GQ4X_5","GQ4X_5_GQ4X_5","M",635.60362206162,2.5
"EL4X_345","EL4X_345","EL4X_345_EL4X_345","M",782.979131042569,1.5
"EL4X_235","EL4X_235","EL4X_235_EL4X_235","M",539.417454726744,1
"EL4X_72","EL4X_72","EL4X_72_EL4X_72","M",680.058884618444,0.5
"EL4X_388","EL4X_388","EL4X_388_EL4X_388","M",705.04924449589,1
"GQ4X_139","GQ4X_139","GQ4X_139_GQ4X_139","M",660.432340197056,2
"EL4X_465","EL4X_465","EL4X_465_EL4X_465","M",707.563448776142,2.5
"EL4X_65","EL4X_65","EL4X_65_EL4X_65","M",804.093599334378,2
"EL4X_416","EL4X_416","EL4X_416_EL4X_416","M",672.726395226134,1.5
"EL4X_356","EL4X_356","EL4X_356_EL4X_356","M",411.967010045741,3
"EL4X_292","EL4X_292","EL4X_292_EL4X_292","M",626.339458734506,2.5
"EL4X_188","EL4X_188","EL4X_188_EL4X_188","M",867.339107057648,2.5
"EL4X_13","EL4X_13","EL4X_13_EL4X_13","M",629.635178092336,2
"EL4X_59","EL4X_59","EL4X_59_EL4X_59","M",917.661496690671,0.5
"EL4X_100","EL4X_100","EL4X_100_EL4X_100","M",611.268349804135,1.5
"EL4X_485","EL4X_485","EL4X_485_EL4X_485","M",496.985938983079,2.5
"EL4X_412","EL4X_412","EL4X_412_EL4X_412","M",714.166424027743,1
"EL4X_252","EL4X_252","EL4X_252_EL4X_252","M",733.165193584861,2
"EL4X_199","EL4X_199","EL4X_199_EL4X_199","M",703.189597428585,0.5
"EL4X_197","EL4X_197","EL4X_197_EL4X_197","M",709.289761232966,2
"EL4X_85","EL4X_85","EL4X_85_EL4X_85","M",783.816793174338,2
"EL4X_9","EL4X_9","EL4X_9_EL4X_9","M",668.389387697592,2
"EL4X_373","EL4X_373","EL4X_373_EL4X_373","M",760.102664737985,1
"EL4X_295","EL4X_295","EL4X_295_EL4X_295","M",735.804169631301,2.5
"EL4X_415","EL4X_415","EL4X_415_EL4X_415","M",515.386382447068,1.5
"EL4X_394","EL4X_394","EL4X_394_EL4X_394","M",622.335630298744,0.5
"EL4X_462","EL4X_462","EL4X_462_EL4X_462","M",815.352502796057,1
"EL4X_383","EL4X_383","EL4X_383_EL4X_383","M",740.726848316579,0.5
"EL4X_426","EL4X_426","EL4X_426_EL4X_426","M",718.201051345675,1
"EL4X_69","EL4X_69","EL4X_69_EL4X_69","M",659.784346534278,2
"EL4X_124","EL4X_124","EL4X_124_EL4X_124","M",799.206453002519,2.5
"EL4X_179","EL4X_179","EL4X_179_EL4X_179","M",728.81128731027,2
"EL4X_428","EL4X_428","EL4X_428_EL4X_428","M",735.724092309774,2
"EL4X_192","EL4X_192","EL4X_192_EL4X_192","M",640.07006072621,2
"EL4X_353","EL4X_353","EL4X_353_EL4X_353","M",611.300977210148,2
"EL4X_315","EL4X_315","EL4X_315_EL4X_315","M",742.455749404613,1
"EL4X_176","EL4X_176","EL4X_176_EL4X_176","M",743.629460290304,1
"EL4X_117","EL4X_117","EL4X_117_EL4X_117","M",685.480867551927,1
"EL4X_341","EL4X_341","EL4X_341_EL4X_341","M",739.553532061584,0.5
"EL4X_377","EL4X_377","EL4X_377_EL4X_377","M",559.906081135767,1
"GQ4X_4","GQ4X_4","GQ4X_4_GQ4X_4","M",819.61098542267,2
"EL4X_305","EL4X_305","EL4X_305_EL4X_305","M",637.304263709036,2.5
"EL4X_303","EL4X_303","EL4X_303_EL4X_303","M",652.343354822036,2
"EL4X_99","EL4X_99","EL4X_99_EL4X_99","M",666.887402179961,2.5
"GQ4X_138","GQ4X_138","GQ4X_138_GQ4X_138","M",562.018490800216,1.5
"EL4X_372","EL4X_372","EL4X_372_EL4X_372","M",606.530726673523,2.5
"EL4X_268","EL4X_268","EL4X_268_EL4X_268","M",511.205716206809,1
"EL4X_41","EL4X_41","EL4X_41_EL4X_41","M",716.356321136548,1.5
"EL4X_441","EL4X_441","EL4X_441_EL4X_441","M",648.124935885762,2
"EL4X_464","EL4X_464","EL4X_464_EL4X_464","M",803.468839404783,3
"GQ4X_126","GQ4X_126","GQ4X_126_GQ4X_126","M",557.344100048649,2.5
"EL4X_240","EL4X_240","EL4X_240_EL4X_240","M",659.533129489966,0
"EL4X_244","EL4X_244","EL4X_244_EL4X_244","M",591.007777216131,2
"GQ4X_91","GQ4X_91","GQ4X_91_GQ4X_91","M",741.991286507332,2
"EL4X_278","EL4X_278","EL4X_278_EL4X_278","M",790.813219207886,2
"EL4X_451","EL4X_451","EL4X_451_EL4X_451","M",690.014325153343,2
"EL4X_165","EL4X_165","EL4X_165_EL4X_165","M",735.905781341122,2
"EL4X_387","EL4X_387","EL4X_387_EL4X_387","M",695.018597421876,2
"EL4X_262","EL4X_262","EL4X_262_EL4X_262","M",682.150173212684,1
"EL4X_309","EL4X_309","EL4X_309_EL4X_309","M",677.992316431756,1
"EL4X_489","EL4X_489","EL4X_489_EL4X_489","M",631.471503044159,2
"EL4X_227","EL4X_227","EL4X_227_EL4X_227","M",703.221173795772,2.5
"EL4X_89","EL4X_89","EL4X_89_EL4X_89","M",659.340918167062,0.5
"EL4X_476","EL4X_476","EL4X_476_EL4X_476","M",775.494471081625,2
"EL4X_104","EL4X_104","EL4X_104_EL4X_104","M",737.899557211374,3
"EL4X_350","EL4X_350","EL4X_350_EL4X_350","M",617.406982984387,1.5
"EL4X_298","EL4X_298","EL4X_298_EL4X_298","M",593.257559876563,1
"EL4X_38","EL4X_38","EL4X_38_EL4X_38","M",519.762759393096,2
"EL4X_184","EL4X_184","EL4X_184_EL4X_184","M",627.624402329375,2
"EL4X_27","EL4X_27","EL4X_27_EL4X_27","M",716.149659339848,1
"EL4X_74","EL4X_74","EL4X_74_EL4X_74","M",514.385964703107,2
"EL4X_243","EL4X_243","EL4X_243_EL4X_243","M",786.587413377945,1.5
"EL4X_311","EL4X_311","EL4X_311_EL4X_311","M",609.281542735446,0.5
"EL4X_92","EL4X_92","EL4X_92_EL4X_92","M",680.071235226203,1
"EL4X_148","EL4X_148","EL4X_148_EL4X_148","M",693.368307575102,1.5
"EL4X_77","EL4X_77","EL4X_77_EL4X_77","M",679.962193390218,2
"EL4X_35","EL4X_35","EL4X_35_EL4X_35","M",564.880904214072,1
"EL4X_146","EL4X_146","EL4X_146_EL4X_146","M",705.86622244979,1
"EL4X_482","EL4X_482","EL4X_482_EL4X_482","M",849.279334963754,0.5
"EL4X_486","EL4X_486","EL4X_486_EL4X_486","M",638.521296817329,1
"GQ4X_95","GQ4X_95","GQ4X_95_GQ4X_95","M",725.995342195609,2.5
"EL4X_96","EL4X_96","EL4X_96_EL4X_96","M",806.934730580996,2
"EL4X_233","EL4X_233","EL4X_233_EL4X_233","M",613.804759742753,2
"GQ4X_10","GQ4X_10","GQ4X_10_GQ4X_10","M",567.952903754459,1
"EL4X_367","EL4X_367","EL4X_367_EL4X_367","M",555.898371911462,0.5
"EL4X_447","EL4X_447","EL4X_447_EL4X_447","M",969.52554800107,2
"EL4X_435","EL4X_435","EL4X_435_EL4X_435","M",736.484208757671,2
"EL4X_195","EL4X_195","EL4X_195_EL4X_195","M",803.317251441648,2.5
"EL4X_366","EL4X_366","EL4X_366_EL4X_366","M",732.459107341191,2
"EL4X_6","EL4X_6","EL4X_6_EL4X_6","M",596.924921174974,2
"EL4X_120","EL4X_120","EL4X_120_EL4X_120","M",750.449176548976,2.5
"EL4X_461","EL4X_461","EL4X_461_EL4X_461","M",662.607791594075,1
"EL4X_316","EL4X_316","EL4X_316_EL4X_316","M",665.572732632558,1
"EL4X_251","EL4X_251","EL4X_251_EL4X_251","M",566.99926099639,2
"EL4X_444","EL4X_444","EL4X_444_EL4X_444","M",612.569594719956,1.5
"EL4X_31","EL4X_31","EL4X_31_EL4X_31","M",649.708070430528,2
"EL4X_399","EL4X_399","EL4X_399_EL4X_399","M",693.334305578892,1
"EL4X_331","EL4X_331","EL4X_331_EL4X_331","M",843.742105139766,1.5
"EL4X_469","EL4X_469","EL4X_469_EL4X_469","M",574.219033459275,2.5
"EL4X_114","EL4X_114","EL4X_114_EL4X_114","M",517.697090523653,1
"EL4X_385","EL4X_385","EL4X_385_EL4X_385","M",665.315917853226,2
"EL4X_94","EL4X_94","EL4X_94_EL4X_94","M",935.200697405431,1.5
"EL4X_427","EL4X_427","EL4X_427_EL4X_427","M",709.311864092522,2
"GQ4X_83","GQ4X_83","GQ4X_83_GQ4X_83","M",629.057084459694,1.5
"EL4X_250","EL4X_250","EL4X_250_EL4X_250","M",453.905461060286,0.5
"EL4X_401","EL4X_401","EL4X_401_EL4X_401","M",625.817370585859,0.5
"EL4X_480","EL4X_480","EL4X_480_EL4X_480","M",736.351912605768,1.5
"EL4X_346","EL4X_346","EL4X_346_EL4X_346","M",596.74342500852,2
"GQ4X_166","GQ4X_166","GQ4X_166_GQ4X_166","M",752.642729139763,2
"EL4X_187","EL4X_187","EL4X_187_EL4X_187","M",671.46618831645,2
"GQ4X_116","GQ4X_116","GQ4X_116_GQ4X_116","M",689.055103379919,1
"EL4X_194","EL4X_194","EL4X_194_EL4X_194","M",804.660236922498,2.5
"EL4X_348","EL4X_348","EL4X_348_EL4X_348","M",487.614227012547,2.5
"EL4X_40","EL4X_40","EL4X_40_EL4X_40","M",729.761483719891,1.5
"EL4X_198","EL4X_198","EL4X_198_EL4X_198","M",554.319724340335,1
"EL4X_352","EL4X_352","EL4X_352_EL4X_352","M",690.852271428116,2
"EL4X_402","EL4X_402","EL4X_402_EL4X_402","M",748.075866897725,2.5
"GQ4X_189","GQ4X_189","GQ4X_189_GQ4X_189","M",805.496960976165,1.5
"EL4X_130","EL4X_130","EL4X_130_EL4X_130","M",679.828310190691,1
"EL4X_279","EL4X_279","EL4X_279_EL4X_279","M",957.893222311042,1
"EL4X_395","EL4X_395","EL4X_395_EL4X_395","M",736.82102715573,0.5
"EL4X_29","EL4X_29","EL4X_29_EL4X_29","M",768.74894187433,2
"EL4X_344","EL4X_344","EL4X_344_EL4X_344","M",671.260743086621,2.5
"EL4X_28","GQ4X_112","EL4X_28_GQ4X_112","P",598.255506739258,2
"GQ4X_112","EL4X_28","EL4X_28_GQ4X_112","P",651.247613500215,2
"EL4X_101","EL4X_117","EL4X_101_EL4X_117","P",737.788890990618,1
"EL4X_117","EL4X_101","EL4X_101_EL4X_117","P",760.372825554548,1
"EL4X_251","EL4X_460","EL4X_251_EL4X_460","P",838.040010743452,2.5
"EL4X_460","EL4X_251","EL4X_251_EL4X_460","P",484.690340691226,1
"EL4X_460","EL4X_461","EL4X_460_EL4X_461","P",563.512109465152,NA
"EL4X_461","EL4X_460","EL4X_460_EL4X_461","P",735.114762305191,NA
"EL4X_188","EL4X_372","EL4X_188_EL4X_372","P",792.94139885873,NA
"EL4X_372","EL4X_188","EL4X_188_EL4X_372","P",722.1609036469,NA
"EL4X_401","GQ4X_76","EL4X_401_GQ4X_76","P",652.203474917787,NA
"GQ4X_76","EL4X_401","EL4X_401_GQ4X_76","P",806.340042847748,NA
"EL4X_240","EL4X_329","EL4X_240_EL4X_329","P",690.495596368806,NA
"EL4X_329","EL4X_240","EL4X_240_EL4X_329","P",622.473692368118,NA
"EL4X_341","EL4X_41","EL4X_341_EL4X_41","P",822.553689571316,NA
"EL4X_41","EL4X_341","EL4X_341_EL4X_41","P",752.519011638674,NA
"EL4X_244","EL4X_38","EL4X_244_EL4X_38","P",506.354629564832,NA
"EL4X_38","EL4X_244","EL4X_244_EL4X_38","P",778.979732112983,NA
"EL4X_244","GQ4X_5","EL4X_244_GQ4X_5","P",408.860244462047,NA
"GQ4X_5","EL4X_244","EL4X_244_GQ4X_5","P",886.932990857899,NA
"EL4X_288","EL4X_72","EL4X_288_EL4X_72","P",406.69845662291,NA
"EL4X_72","EL4X_288","EL4X_288_EL4X_72","P",937.910966763779,NA
"EL4X_353","EL4X_410","EL4X_353_EL4X_410","P",667.64178726274,NA
"EL4X_410","EL4X_353","EL4X_353_EL4X_410","P",669.62024872055,NA
"EL4X_176","EL4X_435","EL4X_176_EL4X_435","P",814.254094648441,NA
"EL4X_435","EL4X_176","EL4X_176_EL4X_435","P",599.411212357714,NA
"EL4X_146","GQ4X_189","EL4X_146_GQ4X_189","P",696.384976208157,NA
"GQ4X_189","EL4X_146","EL4X_146_GQ4X_189","P",764.838302816052,NA
"EL4X_192","EL4X_197","EL4X_192_EL4X_197","P",710.973639684176,NA
"EL4X_197","EL4X_192","EL4X_192_EL4X_197","P",678.650593108405,NA
"EL4X_370","EL4X_488","EL4X_370_EL4X_488","P",800.778610629842,NA
"EL4X_488","EL4X_370","EL4X_370_EL4X_488","P",677.796947083233,NA
"EL4X_480","GQ4X_140","EL4X_480_GQ4X_140","P",601.02613942517,NA
"GQ4X_140","EL4X_480","EL4X_480_GQ4X_140","P",784.085084408115,NA
"EL4X_27","EL4X_292","EL4X_27_EL4X_292","P",608.15305901201,NA
"EL4X_292","EL4X_27","EL4X_27_EL4X_292","P",686.335610653612,NA
"EL4X_101","EL4X_29","EL4X_101_EL4X_29","P",676.719198810609,NA
"EL4X_29","EL4X_101","EL4X_101_EL4X_29","P",618.775654164764,NA
"EL4X_207","EL4X_305","EL4X_207_EL4X_305","P",855.716921067692,NA
"EL4X_305","EL4X_207","EL4X_207_EL4X_305","P",536.362245483227,NA
"EL4X_240","EL4X_370","EL4X_240_EL4X_370","P",812.341353601347,NA
"EL4X_370","EL4X_240","EL4X_240_EL4X_370","P",752.169722803777,NA
"EL4X_49","EL4X_77","EL4X_49_EL4X_77","P",725.923326259754,NA
"EL4X_77","EL4X_49","EL4X_49_EL4X_77","P",587.284286752895,NA
"EL4X_28","EL4X_298","EL4X_28_EL4X_298","P",552.525059235245,NA
"EL4X_298","EL4X_28","EL4X_28_EL4X_298","P",572.675320482813,NA
"EL4X_229","EL4X_470","EL4X_229_EL4X_470","P",677.87708884537,NA
"EL4X_470","EL4X_229","EL4X_229_EL4X_470","P",964.770094006751,NA
"EL4X_348","EL4X_416","EL4X_348_EL4X_416","P",705.959944513796,NA
"EL4X_416","EL4X_348","EL4X_348_EL4X_416","P",655.301997482538,NA
"EL4X_77","GQ4X_112","EL4X_77_GQ4X_112","P",649.781557181496,3
"GQ4X_112","EL4X_77","EL4X_77_GQ4X_112","P",682.301109559124,2
"EL4X_402","EL4X_470","EL4X_402_EL4X_470","P",866.935594382867,NA
"EL4X_470","EL4X_402","EL4X_402_EL4X_470","P",889.624219044144,NA
"EL4X_344","GQ4X_112","EL4X_344_GQ4X_112","P",526.828067531989,3
"GQ4X_112","EL4X_344","EL4X_344_GQ4X_112","P",499.825899539775,2
"EL4X_423","GQ4X_75","EL4X_423_GQ4X_75","P",659.73275790883,2
"GQ4X_75","EL4X_423","EL4X_423_GQ4X_75","P",767.573376042514,2
"EL4X_367","GQ4X_5","EL4X_367_GQ4X_5","P",798.107352010455,NA
"GQ4X_5","EL4X_367","EL4X_367_GQ4X_5","P",740.890448507486,NA
"EL4X_38","GQ4X_138","EL4X_38_GQ4X_138","P",705.530666827987,NA
"GQ4X_138","EL4X_38","EL4X_38_GQ4X_138","P",746.339180888254,NA
"EL4X_192","EL4X_504","EL4X_192_EL4X_504","P",673.428890462631,NA
"EL4X_504","EL4X_192","EL4X_192_EL4X_504","P",643.546341072497,NA
"EL4X_309","EL4X_345","EL4X_309_EL4X_345","P",776.704588580592,NA
"EL4X_345","EL4X_309","EL4X_309_EL4X_345","P",673.463802112613,NA
"EL4X_114","GQ4X_83","EL4X_114_GQ4X_83","P",620.336370497173,NA
"GQ4X_83","EL4X_114","EL4X_114_GQ4X_83","P",703.516331920299,NA
"EL4X_16","EL4X_41","EL4X_16_EL4X_41","P",704.894344344028,NA
"EL4X_41","EL4X_16","EL4X_16_EL4X_41","P",647.492342473117,NA
"EL4X_377","GQ4X_126","EL4X_377_GQ4X_126","P",674.237608924792,NA
"GQ4X_126","EL4X_377","EL4X_377_GQ4X_126","P",638.828313370856,NA
"EL4X_176","EL4X_194","EL4X_176_EL4X_194","P",806.561957273529,NA
"EL4X_194","EL4X_176","EL4X_176_EL4X_194","P",707.0458936028,NA
"EL4X_198","EL4X_262","EL4X_198_EL4X_262","P",860.662893296924,NA
"EL4X_262","EL4X_198","EL4X_198_EL4X_262","P",614.54695290462,NA
"EL4X_251","GQ4X_139","EL4X_251_GQ4X_139","P",684.112328173768,NA
"GQ4X_139","EL4X_251","EL4X_251_GQ4X_139","P",576.418417579227,NA
"EL4X_460","EL4X_476","EL4X_460_EL4X_476","P",762.084819966839,NA
"EL4X_476","EL4X_460","EL4X_460_EL4X_476","P",707.162152567577,NA
"EL4X_29","GQ4X_10","EL4X_29_GQ4X_10","P",576.381330268634,NA
"GQ4X_10","EL4X_29","EL4X_29_GQ4X_10","P",613.321498575299,NA
"EL4X_346","EL4X_368","EL4X_346_EL4X_368","P",643.260171013188,NA
"EL4X_368","EL4X_346","EL4X_346_EL4X_368","P",804.447792918117,NA
"EL4X_148","EL4X_153","EL4X_148_EL4X_153","P",656.773274433261,NA
"EL4X_153","EL4X_148","EL4X_148_EL4X_153","P",798.226811065825,NA
"EL4X_122","EL4X_348","EL4X_122_EL4X_348","P",755.698596827314,NA
"EL4X_348","EL4X_122","EL4X_122_EL4X_348","P",727.248531472027,NA
"EL4X_27","GQ4X_83","EL4X_27_GQ4X_83","P",646.663195233148,NA
"GQ4X_83","EL4X_27","EL4X_27_GQ4X_83","P",805.311463246766,NA
"EL4X_145","EL4X_462","EL4X_145_EL4X_462","P",610.625304325805,NA
"EL4X_462","EL4X_145","EL4X_145_EL4X_462","P",898.891096417907,NA
"EL4X_184","EL4X_233","EL4X_184_EL4X_233","P",642.958392145557,NA
"EL4X_233","EL4X_184","EL4X_184_EL4X_233","P",755.096725520636,NA
"EL4X_187","EL4X_401","EL4X_187_EL4X_401","P",678.184542735205,NA
"EL4X_401","EL4X_187","EL4X_187_EL4X_401","P",717.698381516132,NA
"EL4X_27","EL4X_385","EL4X_27_EL4X_385","P",602.109349165849,NA
"EL4X_385","EL4X_27","EL4X_27_EL4X_385","P",530.942264152344,NA
"EL4X_303","EL4X_415","EL4X_303_EL4X_415","P",778.915606964241,NA
"EL4X_415","EL4X_303","EL4X_303_EL4X_415","P",730.602377878214,NA
"EL4X_265","EL4X_315","EL4X_265_EL4X_315","P",548.510586443442,NA
"EL4X_315","EL4X_265","EL4X_265_EL4X_315","P",668.529918735928,NA
"EL4X_222","GQ4X_149","EL4X_222_GQ4X_149","P",592.862373146877,NA
"GQ4X_149","EL4X_222","EL4X_222_GQ4X_149","P",499.497562191854,NA
"EL4X_252","EL4X_96","EL4X_252_EL4X_96","P",723.539449755292,NA
"EL4X_96","EL4X_252","EL4X_252_EL4X_96","P",805.676183186104,NA
"EL4X_486","GQ4X_189","EL4X_486_GQ4X_189","P",698.100415534849,NA
"GQ4X_189","EL4X_486","EL4X_486_GQ4X_189","P",724.835320526731,NA
"EL4X_341","GQ4X_95","EL4X_341_GQ4X_95","P",734.554112531375,NA
"GQ4X_95","EL4X_341","EL4X_341_GQ4X_95","P",631.355719657688,NA
"EL4X_28","EL4X_368","EL4X_28_EL4X_368","P",631.227086887085,NA
"EL4X_368","EL4X_28","EL4X_28_EL4X_368","P",600.447392428114,NA
"EL4X_465","EL4X_99","EL4X_465_EL4X_99","P",721.930416140471,NA
"EL4X_99","EL4X_465","EL4X_465_EL4X_99","P",660.412282747771,NA
"EL4X_35","EL4X_485","EL4X_35_EL4X_485","P",685.738633102443,NA
"EL4X_485","EL4X_35","EL4X_35_EL4X_485","P",803.663753488827,NA
"EL4X_435","GQ4X_82","EL4X_435_GQ4X_82","P",815.637476286532,NA
"GQ4X_82","EL4X_435","EL4X_435_GQ4X_82","P",560.391905869477,NA
"EL4X_89","GQ4X_189","EL4X_89_GQ4X_189","P",620.367982928878,NA
"GQ4X_189","EL4X_89","EL4X_89_GQ4X_189","P",771.914024375641,NA
"EL4X_353","GQ4X_126","EL4X_353_GQ4X_126","P",725.578742608693,NA
"GQ4X_126","EL4X_353","EL4X_353_GQ4X_126","P",780.384880333174,NA
"EL4X_230","EL4X_6","EL4X_230_EL4X_6","P",764.282651666913,NA
"EL4X_6","EL4X_230","EL4X_230_EL4X_6","P",610.197005326839,NA
"EL4X_252","EL4X_416","EL4X_252_EL4X_416","P",592.040335991977,NA
"EL4X_416","EL4X_252","EL4X_252_EL4X_416","P",667.923815229945,NA
"EL4X_104","EL4X_461","EL4X_104_EL4X_461","P",943.057941974534,NA
"EL4X_461","EL4X_104","EL4X_104_EL4X_461","P",748.670320267177,NA
"EL4X_372","EL4X_416","EL4X_372_EL4X_416","P",603.371416025343,NA
"EL4X_416","EL4X_372","EL4X_372_EL4X_416","P",724.128783562401,NA
"EL4X_187","GQ4X_116","EL4X_187_GQ4X_116","P",570.286602412546,NA
"GQ4X_116","EL4X_187","EL4X_187_GQ4X_116","P",639.113482189941,NA
"EL4X_241","EL4X_402","EL4X_241_EL4X_402","P",881.698706323395,NA
"EL4X_402","EL4X_241","EL4X_241_EL4X_402","P",717.472726880992,NA
"EL4X_469","EL4X_476","EL4X_469_EL4X_476","P",911.076510836426,NA
"EL4X_476","EL4X_469","EL4X_469_EL4X_476","P",595.208745550049,NA
"EL4X_145","EL4X_35","EL4X_145_EL4X_35","P",712.838224111889,NA
"EL4X_35","EL4X_145","EL4X_145_EL4X_35","P",753.609033668078,NA
"EL4X_261","EL4X_27","EL4X_261_EL4X_27","P",659.817689279783,0.5
"EL4X_27","EL4X_261","EL4X_261_EL4X_27","P",470.500847874981,1
"EL4X_482","GQ4X_76","EL4X_482_GQ4X_76","P",638.568294736194,0.5
"GQ4X_76","EL4X_482","EL4X_482_GQ4X_76","P",594.848223549005,1
"EL4X_35","EL4X_394","EL4X_35_EL4X_394","P",675.967866120031,0.5
"EL4X_394","EL4X_35","EL4X_35_EL4X_394","P",620.954426370137,1
"EL4X_348","EL4X_40","EL4X_348_EL4X_40","P",720.036537971445,2.5
"EL4X_40","EL4X_348","EL4X_348_EL4X_40","P",704.577354489952,1
"GQ4X_116","GQ4X_126","GQ4X_116_GQ4X_126","P",846.868133326697,1
"GQ4X_126","GQ4X_116","GQ4X_116_GQ4X_126","P",786.073192587341,2
"EL4X_198","EL4X_395","EL4X_198_EL4X_395","P",743.453831213457,0.5
"EL4X_395","EL4X_198","EL4X_198_EL4X_395","P",764.030341224856,1
"EL4X_182","EL4X_243","EL4X_182_EL4X_243","P",654.596884976486,1.5
"EL4X_243","EL4X_182","EL4X_182_EL4X_243","P",706.486433792971,1.5
"EL4X_188","EL4X_348","EL4X_188_EL4X_348","P",787.596143110331,1
"EL4X_348","EL4X_188","EL4X_188_EL4X_348","P",722.71661606752,1
"EL4X_250","EL4X_376","EL4X_250_EL4X_376","P",563.207092912894,1.5
"EL4X_376","EL4X_250","EL4X_250_EL4X_376","P",548.596928879555,1
"EL4X_388","EL4X_415","EL4X_388_EL4X_415","P",887.612331421005,1.5
"EL4X_415","EL4X_388","EL4X_388_EL4X_415","P",825.720738803441,1.5
"EL4X_335","EL4X_370","EL4X_335_EL4X_370","P",669.889458139108,1
"EL4X_370","EL4X_335","EL4X_335_EL4X_370","P",758.260938748367,2
"EL4X_100","EL4X_453","EL4X_100_EL4X_453","P",552.263609043124,1
"EL4X_453","EL4X_100","EL4X_100_EL4X_453","P",713.711015899894,0.5
"EL4X_268","EL4X_504","EL4X_268_EL4X_504","P",679.239580418396,2.5
"EL4X_504","EL4X_268","EL4X_268_EL4X_504","P",739.257298652244,1
"EL4X_346","EL4X_383","EL4X_346_EL4X_383","P",679.783063461684,1
"EL4X_383","EL4X_346","EL4X_346_EL4X_383","P",756.892644412333,1
"EL4X_182","EL4X_488","EL4X_182_EL4X_488","P",820.12205507929,1
"EL4X_488","EL4X_182","EL4X_182_EL4X_488","P",726.185051300897,2
"EL4X_146","EL4X_402","EL4X_146_EL4X_402","P",574.19619764685,0.5
"EL4X_402","EL4X_146","EL4X_146_EL4X_402","P",779.580746563873,1.5
"EL4X_394","GQ4X_67","EL4X_394_GQ4X_67","P",683.739548042868,NA
"GQ4X_67","EL4X_394","EL4X_394_GQ4X_67","P",767.936475411077,NA
"EL4X_146","EL4X_40","EL4X_146_EL4X_40","P",587.068683319016,NA
"EL4X_40","EL4X_146","EL4X_146_EL4X_40","P",851.451532382822,NA
"EL4X_402","EL4X_469","EL4X_402_EL4X_469","P",811.948514299095,NA
"EL4X_469","EL4X_402","EL4X_402_EL4X_469","P",517.745409604598,NA
"EL4X_292","EL4X_99","EL4X_292_EL4X_99","P",938.691703516189,NA
"EL4X_99","EL4X_292","EL4X_292_EL4X_99","P",862.233078382867,NA
"EL4X_117","EL4X_192","EL4X_117_EL4X_192","P",531.322186682035,NA
"EL4X_192","EL4X_117","EL4X_117_EL4X_192","P",913.918381458922,NA
"EL4X_370","EL4X_407","EL4X_370_EL4X_407","P",824.554459427376,NA
"EL4X_407","EL4X_370","EL4X_370_EL4X_407","P",621.316058265419,NA
"EL4X_146","GQ4X_10","EL4X_146_GQ4X_10","P",613.580786878387,NA
"GQ4X_10","EL4X_146","EL4X_146_GQ4X_10","P",922.327688774342,NA
"EL4X_27","EL4X_346","EL4X_27_EL4X_346","P",593.517421466201,NA
"EL4X_346","EL4X_27","EL4X_27_EL4X_346","P",799.78770407847,NA
"EL4X_261","EL4X_402","EL4X_261_EL4X_402","P",742.747213051476,NA
"EL4X_402","EL4X_261","EL4X_261_EL4X_402","P",703.52731066526,NA
"EL4X_101","EL4X_401","EL4X_101_EL4X_401","P",597.909149673733,NA
"EL4X_401","EL4X_101","EL4X_101_EL4X_401","P",712.326246320975,NA
"EL4X_188","GQ4X_4","EL4X_188_GQ4X_4","P",718.386856832134,NA
"GQ4X_4","EL4X_188","EL4X_188_GQ4X_4","P",774.982470142522,NA
"EL4X_201","GQ4X_140","EL4X_201_GQ4X_140","P",897.676955374944,NA
"GQ4X_140","EL4X_201","EL4X_201_GQ4X_140","P",667.392123629886,NA
"EL4X_27","EL4X_372","EL4X_27_EL4X_372","P",526.247468338557,NA
"EL4X_372","EL4X_27","EL4X_27_EL4X_372","P",840.991969532168,NA
"EL4X_265","GQ4X_10","EL4X_265_GQ4X_10","P",579.03551565902,NA
"GQ4X_10","EL4X_265","EL4X_265_GQ4X_10","P",598.265687398957,NA
"EL4X_402","EL4X_69","EL4X_402_EL4X_69","P",756.801078587985,NA
"EL4X_69","EL4X_402","EL4X_402_EL4X_69","P",585.96530009547,NA
"EL4X_130","GQ4X_5","EL4X_130_GQ4X_5","P",863.708537677515,NA
"GQ4X_5","EL4X_130","EL4X_130_GQ4X_5","P",628.277508268969,NA
"EL4X_233","EL4X_243","EL4X_233_EL4X_243","P",718.998149585747,NA
"EL4X_243","EL4X_233","EL4X_233_EL4X_243","P",761.69174438615,NA
"EL4X_444","EL4X_49","EL4X_444_EL4X_49","P",617.045260938075,NA
"EL4X_49","EL4X_444","EL4X_444_EL4X_49","P",735.589937837108,NA
"EL4X_298","GQ4X_75","EL4X_298_GQ4X_75","P",443.148271931474,NA
"GQ4X_75","EL4X_298","EL4X_298_GQ4X_75","P",871.781003210268,NA
"EL4X_373","EL4X_462","EL4X_373_EL4X_462","P",541.092096045828,NA
"EL4X_462","EL4X_373","EL4X_373_EL4X_462","P",913.741662105005,NA
"EL4X_202","EL4X_412","EL4X_202_EL4X_412","P",766.325483315203,NA
"EL4X_412","EL4X_202","EL4X_202_EL4X_412","P",858.541733619575,NA
"EL4X_482","EL4X_72","EL4X_482_EL4X_72","P",788.96168326671,NA
"EL4X_72","EL4X_482","EL4X_482_EL4X_72","P",725.326521860639,NA
"EL4X_395","EL4X_441","EL4X_395_EL4X_441","P",639.721081998901,NA
"EL4X_441","EL4X_395","EL4X_395_EL4X_441","P",528.269404301972,NA
"EL4X_311","EL4X_40","EL4X_311_EL4X_40","P",805.77132328825,NA
"EL4X_40","EL4X_311","EL4X_311_EL4X_40","P",843.80005670461,NA
"EL4X_423","EL4X_476","EL4X_423_EL4X_476","P",804.075261252756,NA
"EL4X_476","EL4X_423","EL4X_423_EL4X_476","P",490.355879211362,NA
"EL4X_35","EL4X_470","EL4X_35_EL4X_470","P",730.098593497919,NA
"EL4X_470","EL4X_35","EL4X_35_EL4X_470","P",836.18701450028,NA
"EL4X_315","EL4X_461","EL4X_315_EL4X_461","P",717.190582955274,NA
"EL4X_461","EL4X_315","EL4X_315_EL4X_461","P",596.786168322692,NA
"EL4X_202","EL4X_243","EL4X_202_EL4X_243","P",851.305511011042,NA
"EL4X_243","EL4X_202","EL4X_202_EL4X_243","P",615.179229290809,NA
"EL4X_179","EL4X_335","EL4X_179_EL4X_335","P",725.366276639672,NA
"EL4X_335","EL4X_179","EL4X_179_EL4X_335","P",615.02947549418,NA
"EL4X_373","EL4X_385","EL4X_373_EL4X_385","P",631.805940109891,NA
"EL4X_385","EL4X_373","EL4X_373_EL4X_385","P",541.758434333862,NA
"EL4X_370","EL4X_444","EL4X_370_EL4X_444","P",616.626933481286,NA
"EL4X_444","EL4X_370","EL4X_370_EL4X_444","P",785.34871937549,NA
"EL4X_376","EL4X_459","EL4X_376_EL4X_459","P",554.772057040463,NA
"EL4X_459","EL4X_376","EL4X_376_EL4X_459","P",681.604966162777,NA
"EL4X_230","EL4X_70","EL4X_230_EL4X_70","P",716.246908386387,NA
"EL4X_70","EL4X_230","EL4X_230_EL4X_70","P",843.229990315728,NA
"EL4X_367","EL4X_65","EL4X_367_EL4X_65","P",441.435305614058,NA
"EL4X_65","EL4X_367","EL4X_367_EL4X_65","P",572.943637483211,NA
"EL4X_399","EL4X_447","EL4X_399_EL4X_447","P",563.768500082596,NA
"EL4X_447","EL4X_399","EL4X_399_EL4X_447","P",943.505297254006,NA
"EL4X_235","EL4X_331","EL4X_235_EL4X_331","P",675.465241172799,NA
"EL4X_331","EL4X_235","EL4X_235_EL4X_331","P",596.818617709247,NA
"EL4X_252","EL4X_394","EL4X_252_EL4X_394","P",762.372955061941,NA
"EL4X_394","EL4X_252","EL4X_252_EL4X_394","P",560.800725701644,NA
"EL4X_114","EL4X_344","EL4X_114_EL4X_344","P",657.974765039818,NA
"EL4X_344","EL4X_114","EL4X_114_EL4X_344","P",730.784957497597,NA
"EL4X_345","EL4X_464","EL4X_345_EL4X_464","P",486.491029489115,NA
"EL4X_464","EL4X_345","EL4X_345_EL4X_464","P",433.620049865269,NA
"EL4X_303","EL4X_65","EL4X_303_EL4X_65","P",733.876127199544,1
"EL4X_65","EL4X_303","EL4X_303_EL4X_65","P",674.404978861284,1.5
"EL4X_165","EL4X_401","EL4X_165_EL4X_401","P",816.648288511918,1.5
"EL4X_401","EL4X_165","EL4X_165_EL4X_401","P",644.05604875145,1.5
"EL4X_309","EL4X_85","EL4X_309_EL4X_85","P",696.669815168854,0.5
"EL4X_85","EL4X_309","EL4X_309_EL4X_85","P",625.585532734708,0.5
"EL4X_329","EL4X_89","EL4X_329_EL4X_89","P",746.690200404024,1
"EL4X_89","EL4X_329","EL4X_329_EL4X_89","P",858.450286740018,0
"EL4X_92","GQ4X_166","EL4X_92_GQ4X_166","P",834.986620405933,1.5
"GQ4X_166","EL4X_92","EL4X_92_GQ4X_166","P",727.374413333592,1
"EL4X_407","GQ4X_95","EL4X_407_GQ4X_95","P",819.513462270168,2
"GQ4X_95","EL4X_407","EL4X_407_GQ4X_95","P",765.366191750914,1.5
"EL4X_184","EL4X_252","EL4X_184_EL4X_252","P",481.283107392365,1
"EL4X_252","EL4X_184","EL4X_184_EL4X_252","P",760.522227900645,1
"EL4X_353","GQ4X_95","EL4X_353_GQ4X_95","P",497.258052746759,1.5
"GQ4X_95","EL4X_353","EL4X_353_GQ4X_95","P",638.417587868119,2
"EL4X_243","EL4X_461","EL4X_243_EL4X_461","P",604.747955960803,1
"EL4X_461","EL4X_243","EL4X_243_EL4X_461","P",600.931820030994,1
"EL4X_265","EL4X_474","EL4X_265_EL4X_474","P",796.722092660658,1
"EL4X_474","EL4X_265","EL4X_265_EL4X_474","P",903.239672146372,0.5
"EL4X_49","GQ4X_10","EL4X_49_GQ4X_10","P",728.413803389912,1
"GQ4X_10","EL4X_49","EL4X_49_GQ4X_10","P",714.962706734879,2
"EL4X_131","EL4X_462","EL4X_131_EL4X_462","P",759.533263213166,0.5
"EL4X_462","EL4X_131","EL4X_131_EL4X_462","P",901.566736054724,0.5
"EL4X_3","EL4X_70","EL4X_3_EL4X_70","P",758.83293652171,1
"EL4X_70","EL4X_3","EL4X_3_EL4X_70","P",1002.05403987863,1
"EL4X_474","EL4X_476","EL4X_474_EL4X_476","P",548.370401630383,0
"EL4X_476","EL4X_474","EL4X_474_EL4X_476","P",793.728454073171,1
"EL4X_100","EL4X_331","EL4X_100_EL4X_331","P",900.427149962784,0.5
"EL4X_331","EL4X_100","EL4X_100_EL4X_331","P",774.402442681531,0.5
"EL4X_100","EL4X_262","EL4X_100_EL4X_262","P",814.812642769501,0.5
"EL4X_262","EL4X_100","EL4X_100_EL4X_262","P",785.261733117845,1
"EL4X_336","EL4X_74","EL4X_336_EL4X_74","P",591.138298560748,1.5
"EL4X_74","EL4X_336","EL4X_336_EL4X_74","P",510.1011431739,2
"EL4X_27","EL4X_383","EL4X_27_EL4X_383","P",880.689912283328,NA
"EL4X_383","EL4X_27","EL4X_27_EL4X_383","P",742.588270838543,NA
"EL4X_295","GQ4X_83","EL4X_295_GQ4X_83","P",656.844706079628,NA
"GQ4X_83","EL4X_295","EL4X_295_GQ4X_83","P",769.514173237245,NA
"EL4X_402","GQ4X_149","EL4X_402_GQ4X_149","P",746.459322776145,NA
"GQ4X_149","EL4X_402","EL4X_402_GQ4X_149","P",569.816204038667,NA
"EL4X_453","EL4X_77","EL4X_453_EL4X_77","P",569.127230979516,NA
"EL4X_77","EL4X_453","EL4X_453_EL4X_77","P",557.968902165697,NA
"EL4X_165","GQ4X_95","EL4X_165_GQ4X_95","P",811.224376998128,NA
"GQ4X_95","EL4X_165","EL4X_165_GQ4X_95","P",667.628400565597,NA
"EL4X_233","EL4X_346","EL4X_233_EL4X_346","P",666.158332811864,NA
"EL4X_346","EL4X_233","EL4X_233_EL4X_346","P",694.250341132631,NA
"EL4X_423","EL4X_488","EL4X_423_EL4X_488","P",788.56958928874,NA
"EL4X_488","EL4X_423","EL4X_423_EL4X_488","P",679.382150399565,NA
"EL4X_41","EL4X_465","EL4X_41_EL4X_465","P",745.295504064071,NA
"EL4X_465","EL4X_41","EL4X_41_EL4X_465","P",640.120367764469,NA
"EL4X_122","EL4X_451","EL4X_122_EL4X_451","P",635.245595687366,NA
"EL4X_451","EL4X_122","EL4X_122_EL4X_451","P",832.648444936479,NA
"EL4X_410","GQ4X_166","EL4X_410_GQ4X_166","P",580.973891326347,NA
"GQ4X_166","EL4X_410","EL4X_410_GQ4X_166","P",940.371165749282,NA
"EL4X_104","EL4X_201","EL4X_104_EL4X_201","P",729.979138847173,NA
"EL4X_201","EL4X_104","EL4X_104_EL4X_201","P",856.689620823472,NA
"EL4X_192","EL4X_469","EL4X_192_EL4X_469","P",563.543940188695,NA
"EL4X_469","EL4X_192","EL4X_192_EL4X_469","P",589.589670095985,NA
"EL4X_212","GQ4X_116","EL4X_212_GQ4X_116","P",723.63482600336,NA
"GQ4X_116","EL4X_212","EL4X_212_GQ4X_116","P",584.477188506438,NA
"EL4X_350","EL4X_99","EL4X_350_EL4X_99","P",523.639303525787,NA
"EL4X_99","EL4X_350","EL4X_350_EL4X_99","P",813.234200435432,NA
"EL4X_329","EL4X_77","EL4X_329_EL4X_77","P",719.462091061483,NA
"EL4X_77","EL4X_329","EL4X_329_EL4X_77","P",699.110441988125,NA
"EL4X_202","EL4X_278","EL4X_202_EL4X_278","P",708.7273991513,NA
"EL4X_278","EL4X_202","EL4X_202_EL4X_278","P",666.942587961257,NA
"EL4X_184","EL4X_262","EL4X_184_EL4X_262","P",581.435604536365,NA
"EL4X_262","EL4X_184","EL4X_184_EL4X_262","P",712.156862706851,NA
"EL4X_194","EL4X_366","EL4X_194_EL4X_366","P",533.424153782737,0.5
"EL4X_366","EL4X_194","EL4X_194_EL4X_366","P",595.959199146371,0.5
"EL4X_486","EL4X_89","EL4X_486_EL4X_89","P",864.13676148274,0.5
"EL4X_89","EL4X_486","EL4X_486_EL4X_89","P",691.413329599536,0
"EL4X_292","EL4X_38","EL4X_292_EL4X_38","P",476.523246208172,1
"EL4X_38","EL4X_292","EL4X_292_EL4X_38","P",790.562045754544,1
"EL4X_41","GQ4X_149","EL4X_41_GQ4X_149","P",821.898105794822,0.5
"GQ4X_149","EL4X_41","EL4X_41_GQ4X_149","P",553.52220223108,1.5
"EL4X_243","EL4X_483","EL4X_243_EL4X_483","P",663.635710901214,1
"EL4X_483","EL4X_243","EL4X_243_EL4X_483","P",753.364598122078,1.5
"EL4X_89","GQ4X_112","EL4X_89_GQ4X_112","P",1007.58528026478,0
"GQ4X_112","EL4X_89","EL4X_89_GQ4X_112","P",1022.30489824691,0.5
"EL4X_235","EL4X_350","EL4X_235_EL4X_350","P",731.199875829523,1
"EL4X_350","EL4X_235","EL4X_235_EL4X_350","P",509.807690145742,1
"EL4X_118","EL4X_72","EL4X_118_EL4X_72","P",388.091444194095,2
"EL4X_72","EL4X_118","EL4X_118_EL4X_72","P",898.677451410283,1
"EL4X_16","EL4X_233","EL4X_16_EL4X_233","P",981.134891980316,1
"EL4X_233","EL4X_16","EL4X_16_EL4X_233","P",765.983141801794,2
"EL4X_182","EL4X_367","EL4X_182_EL4X_367","P",669.085860332315,1
"EL4X_367","EL4X_182","EL4X_182_EL4X_367","P",535.266259173548,1
"EL4X_346","EL4X_65","EL4X_346_EL4X_65","P",613.218166243408,1
"EL4X_65","EL4X_346","EL4X_346_EL4X_65","P",497.796673063872,1
"EL4X_117","EL4X_470","EL4X_117_EL4X_470","P",752.057889914365,1.5
"EL4X_470","EL4X_117","EL4X_117_EL4X_470","P",770.077217300704,1.5
"EL4X_278","GQ4X_189","EL4X_278_GQ4X_189","P",660.766300979587,2
"GQ4X_189","EL4X_278","EL4X_278_GQ4X_189","P",699.430471679484,1
"EL4X_207","EL4X_251","EL4X_207_EL4X_251","P",940.623021149331,0.5
"EL4X_251","EL4X_207","EL4X_207_EL4X_251","P",894.718744759559,1
"EL4X_229","EL4X_295","EL4X_229_EL4X_295","P",408.624984482685,1
"EL4X_295","EL4X_229","EL4X_229_EL4X_295","P",976.915399875321,2.5
"EL4X_311","GQ4X_126","EL4X_311_GQ4X_126","P",770.041940123889,1
"GQ4X_126","EL4X_311","EL4X_311_GQ4X_126","P",569.111683931663,1
"EL4X_197","EL4X_6","EL4X_197_EL4X_6","P",826.37020655394,0.5
"EL4X_6","EL4X_197","EL4X_197_EL4X_6","P",543.144382211691,2.5
"EL4X_410","EL4X_486","EL4X_410_EL4X_486","P",705.009871601577,1
"EL4X_486","EL4X_410","EL4X_410_EL4X_486","P",948.686985989031,2
"EL4X_130","EL4X_92","EL4X_130_EL4X_92","P",749.012026870514,2
"EL4X_92","EL4X_130","EL4X_130_EL4X_92","P",727.982556440183,2
"EL4X_241","EL4X_367","EL4X_241_EL4X_367","P",839.105032875121,NA
"EL4X_367","EL4X_241","EL4X_241_EL4X_367","P",628.105022353368,NA
"EL4X_240","EL4X_407","EL4X_240_EL4X_407","P",582.029609390408,NA
"EL4X_407","EL4X_240","EL4X_240_EL4X_407","P",732.989263665001,NA
"EL4X_387","GQ4X_166","EL4X_387_GQ4X_166","P",557.077738100053,NA
"GQ4X_166","EL4X_387","EL4X_387_GQ4X_166","P",850.355984042225,NA
"EL4X_410","EL4X_483","EL4X_410_EL4X_483","P",645.121572017371,NA
"EL4X_483","EL4X_410","EL4X_410_EL4X_483","P",682.738127527311,NA
"EL4X_345","EL4X_459","EL4X_345_EL4X_459","P",804.754911563629,NA
"EL4X_459","EL4X_345","EL4X_345_EL4X_459","P",707.120619492228,NA
"EL4X_315","EL4X_399","EL4X_315_EL4X_399","P",853.979584008015,NA
"EL4X_399","EL4X_315","EL4X_315_EL4X_399","P",471.545468959628,NA
"EL4X_114","EL4X_85","EL4X_114_EL4X_85","P",709.589517442334,NA
"EL4X_85","EL4X_114","EL4X_114_EL4X_85","P",535.562420114591,NA
"EL4X_201","EL4X_316","EL4X_201_EL4X_316","P",918.511755016627,NA
"EL4X_316","EL4X_201","EL4X_201_EL4X_316","P",564.654608543998,NA
"EL4X_241","EL4X_460","EL4X_241_EL4X_460","P",797.289925655235,NA
"EL4X_460","EL4X_241","EL4X_241_EL4X_460","P",508.776896556763,NA
"EL4X_35","EL4X_407","EL4X_35_EL4X_407","P",727.646439612727,NA
"EL4X_407","EL4X_35","EL4X_35_EL4X_407","P",914.679926586711,NA
"EL4X_179","EL4X_356","EL4X_179_EL4X_356","P",867.057322777505,NA
"EL4X_356","EL4X_179","EL4X_179_EL4X_356","P",397.49026886472,NA
"EL4X_385","EL4X_461","EL4X_385_EL4X_461","P",822.660585197239,NA
"EL4X_461","EL4X_385","EL4X_385_EL4X_461","P",491.462052013181,NA
"EL4X_195","EL4X_59","EL4X_195_EL4X_59","P",643.166898799399,NA
"EL4X_59","EL4X_195","EL4X_195_EL4X_59","P",657.871102919319,NA
"EL4X_350","EL4X_465","EL4X_350_EL4X_465","P",483.054085320442,NA
"EL4X_465","EL4X_350","EL4X_350_EL4X_465","P",678.220056312646,NA
"EL4X_222","EL4X_372","EL4X_222_EL4X_372","P",700.923771660854,NA
"EL4X_372","EL4X_222","EL4X_222_EL4X_372","P",927.64527617188,NA
"EL4X_29","EL4X_385","EL4X_29_EL4X_385","P",629.50214941007,NA
"EL4X_385","EL4X_29","EL4X_29_EL4X_385","P",548.176627358549,NA
"EL4X_316","EL4X_9","EL4X_316_EL4X_9","P",903.990311432561,NA
"EL4X_9","EL4X_316","EL4X_316_EL4X_9","P",528.773788411191,NA
"EL4X_9","GQ4X_139","EL4X_9_GQ4X_139","P",690.509727764011,NA
"GQ4X_139","EL4X_9","EL4X_9_GQ4X_139","P",916.649543712295,NA
"EL4X_233","EL4X_407","EL4X_233_EL4X_407","P",807.913544309938,NA
"EL4X_407","EL4X_233","EL4X_233_EL4X_407","P",754.838239616297,NA
"EL4X_345","EL4X_59","EL4X_345_EL4X_59","P",439.195391280653,NA
"EL4X_59","EL4X_345","EL4X_345_EL4X_59","P",508.98865415505,NA
