"","snp","chr","pos"
"187600","cfn0749120","6",30632
"187603","cfn0883269","6",77193
"187611","cfn0616591","6",286406
"187620","cfn3097355","6",493474
"187634","cfn0868819","6",560509
"187636","cfn0877390","6",593146
"187637","cfn0867430","6",594230
"187656","cfn3423767","6",946010
"187688","cfn3134055","6",1812067
"187689","cfn0866809","6",1904023
"187702","cfn0869546","6",1944108
"187713","cfn3110122","6",2035357
"187715","cfn3103691","6",2049799
"187729","cfn0864410","6",2067324
"187734","cfn3079027","6",2142636
"187745","cfn0875414","6",2352559
"187746","cfn0874316","6",2353373
"187747","cfn3174953","6",2363206
"187773","cfn0865134","6",2535533
"187793","cfn0875767","6",2563035
"187804","cfn3141945","6",2594623
"187810","cfn0876657","6",2597151
"187811","cfn0876655","6",2597400
"187814","cfn0869738","6",2598727
"187816","cfn0869735","6",2599106
"187828","cfn0867202","6",2625529
"187829","cfn0867212","6",2625620
"187832","cfn0867201","6",2626976
"187834","cfn0867204","6",2627272
"187836","cfn0867206","6",2627422
"187839","cfn0867216","6",2628216
"187840","cfn0867222","6",2628849
"187843","cfn0867225","6",2629782
"187845","cfn0867232","6",2630430
"187852","cfn0867244","6",2631968
"187858","cfn3122175","6",2705814
"187863","cfn0876877","6",2732300
"187864","cfn3078727","6",2750904
"187882","cfn3120787","6",2896987
"187898","cfn0871724","6",3046033
"187899","cfn3120323","6",3071045
"187902","cfn0868036","6",3076381
"187905","cfn0868044","6",3077159
"187908","cfn0868066","6",3080798
"187910","cfn0868079","6",3082446
"187912","cfn0868091","6",3083416
"187913","cfn0868100","6",3084432
"187915","cfn0868022","6",3084780
"187916","cfn0868023","6",3084829
"187917","cfn0868024","6",3084991
"187918","cfn0868029","6",3085951
"187919","cfn3117325","6",3096732
"187922","cfn0864326","6",3120634
"187925","cfn3132257","6",3304829
"187930","cfn3133315","6",3350378
"187938","cfn3173400","6",3708319
"187956","cfn3127657","6",3962912
"187959","cfn3085110","6",3992070
"188010","cfn0869814","6",4837811
"188018","cfn0870800","6",4888910
"188027","cfn0870619","6",5624870
"188032","cfn3109961","6",5674349
"188037","cfn0876338","6",5730240
"188039","cfn3069282","6",5735163
"188073","cfn3124350","6",6485436
"188081","cfn0873600","6",6493645
"188082","cfn0873603","6",6493821
"188083","cfn0873605","6",6494244
"188084","cfn0865902","6",6495002
"188089","cfn3082611","6",6512512
"188090","cfn0867097","6",6516266
"188093","cfn3080246","6",6522271
"188110","cfn0864346","6",6590561
"188133","cfn3105904","6",6698494
"188138","cfn0882398","6",6718580
"188139","cfn3167869","6",6719459
"188144","cfn3170650","6",6770219
"188148","cfn3172775","6",6794143
"188151","cfn3170525","6",6804339
"188185","cfn0869333","6",8448437
"188197","cfn0869337","6",8453995
"188198","cfn3096181","6",8455784
"188272","cfn0836843","6",9258981
"188273","cfn0865771","6",9259658
"188274","cfn0865772","6",9259754
"188320","cfn0876809","6",9605216
"188321","cfn0876808","6",9605372
"188343","cfn3072025","6",10197145
"188410","cfn0864258","6",10712252
"188423","cfn0868489","6",10812960
"188427","cfn0868481","6",10815314
"188429","cfn0882554","6",10815755
"188432","cfn0868469","6",10817678
"188441","cfn3084698","6",10868246
"188443","cfn0867464","6",10878113
"188453","cfn3145062","6",10903092
"188461","cfn3175027","6",10913800
"188464","cfn3175041","6",10917458
"188466","cfn3070156","6",10918571
"188481","cfn3175037","6",10952865
"188482","cfn3175036","6",10952941
"188588","cfn3064972","6",11859615
"188677","cfn3129004","6",12670060
"188678","cfn3173430","6",12938841
"188691","cfn3113026","6",13255429
"188697","cfn3113020","6",13262654
"188711","cfn0866043","6",13504245
"188715","cfn0866050","6",13505924
"188720","cfn0866061","6",13508087
"188721","cfn0866062","6",13508343
"188734","cfn0865642","6",13605440
"188736","cfn0865640","6",13605636
"188737","cfn0865637","6",13605969
"188738","cfn0865635","6",13606161
"188740","cfn0872747","6",13609830
"188742","cfn3071675","6",13610808
"188744","cfn0865096","6",13613197
"188745","cfn0876324","6",13613404
"188747","cfn0876321","6",13614027
"188750","cfn2419736","6",13657000
"188753","cfn3098142","6",13819426
"188754","cfn0873560","6",13914475
"188755","cfn0873562","6",13915037
"188761","cfn0873569","6",13916042
"188762","cfn0873570","6",13916106
"188763","cfn0873571","6",13916342
"188768","cfn0871269","6",13946024
"188770","cfn0877666","6",13978015
"188847","cfn0868560","6",16077834
"188875","cfn0875684","6",16521800
"188904","cfn3138604","6",17010566
"188917","cfn0871232","6",17150703
"188929","cfn0868161","6",17188221
"188997","cfn3130723","6",17886150
"189006","cfn3132221","6",17944102
"189010","cfn0875927","6",17995522
"189020","cfn3133079","6",18013134
"189021","cfn3137305","6",18014173
"189039","cfn3108287","6",18294200
"189054","cfn0876158","6",18303193
"189067","cfn1328765","6",18578276
"189074","cfn3126897","6",18852741
"189130","cfn0875774","6",19394876
"189138","cfn0876231","6",19523553
"189152","cfn0868979","6",19702879
"189168","cfn0875269","6",19809737
"189236","cfn0865853","6",22519681
"189251","cfn3115152","6",22548632
"189273","cfn0866746","6",22960815
"189274","cfn0870569","6",23062108
"189290","cfn0872375","6",23459819
"189296","cfn0872387","6",23461320
"189297","cfn3065648","6",23487545
"189304","cfn0870652","6",23508264
"189309","cfn3110452","6",23550825
"189310","cfn0871445","6",23551217
"189312","cfn0868997","6",23552986
"189315","cfn0873829","6",23559368
"189316","cfn3125904","6",23562276
"189317","cfn3125924","6",23565121
"189319","cfn0873828","6",23568532
"189333","cfn0872874","6",23802712
"189339","cfn3140756","6",23968316
"189342","cfn0872856","6",23974013
"189354","cfn3097300","6",24065096
"189358","cfn3075253","6",24078211
"189362","cfn3074445","6",24085530
"189430","cfn3089058","6",24659011
"189435","cfn0867842","6",24780354
"189436","cfn0867843","6",24780876
"189440","cfn3087008","6",24783130
"189442","cfn3084595","6",24792200
"189464","cfn0874899","6",25452053
"189480","cfn3099920","6",25803830
"189505","cfn3168626","6",26515482
"189507","cfn3133296","6",26526637
"189532","cfn3120415","6",27154150
"189534","cfn0864058","6",27160181
"189540","cfn3074341","6",27322389
"189673","cfn0877465","6",29915322
"189679","cfn2907331","6",30149215
"189680","cfn3135015","6",30159923
"189685","cfn0863752","6",30348753
"189688","cfn0872499","6",30350683
"189694","cfn3071487","6",30425388
"189710","cfn3127590","6",31084647
"189718","cfn3127084","6",31186286
"189732","cfn0865406","6",31344007
"189736","cfn0846226","6",31380042
"189741","cfn3084927","6",31416404
"189742","cfn3136973","6",31465655
"189743","cfn3136972","6",31466813
"189748","cfn0867439","6",31546637
"189749","cfn0867440","6",31546722
"189752","cfn0867447","6",31547315
"189756","cfn0867453","6",31548672
"189758","cfn3091106","6",31555070
"189759","cfn0842528","6",31581257
"189766","cfn3082213","6",31704918
"189784","cfn3092138","6",32337195
"189793","cfn3603766","6",33364015
"189798","cfn3604122","6",33581937
"189805","cfn0872552","6",33835017
"189806","cfn3152109","6",34069439
"189822","cfn0869091","6",36590495
"189825","cfn0864573","6",36602198
"189826","cfn0864577","6",36603444
"189827","cfn0864578","6",36603584
"189828","cfn0864584","6",36604313
"189829","cfn0836187","6",36639882
"189831","cfn3101159","6",36787714
"189846","cfn0865819","6",37359895
"189848","cfn0876924","6",37364319
"189852","cfn0866983","6",37510974
"189860","cfn0865101","6",37524580
"189864","cfn0865100","6",37525850
"189869","cfn0837543","6",37536719
"189872","cfn2450219","6",37672838
"189882","cfn0876013","6",37828740
"189887","cfn3097064","6",37886612
"189890","cfn3144633","6",38119820
"189891","cfn3127949","6",38155109
"189893","cfn3146106","6",38190512
"189901","cfn0863955","6",39052557
"189903","cfn0863961","6",39053332
"189905","cfn3130882","6",39080450
"189908","cfn0873185","6",39136911
"189938","cfn0872015","6",39680383
"189942","cfn0844064","6",39860379
"189946","cfn0841534","6",40717179
"189957","cfn0847928","6",43282511
"189959","cfn0847015","6",43393506
"189963","cfn0876190","6",43583817
"189980","cfn0866578","6",43766557
"189983","cfn0866573","6",43767208
"189986","cfn0866856","6",44263030
"189995","cfn3119892","6",44297763
"189996","cfn3076807","6",44311269
"189997","cfn3109181","6",44504263
"189998","cfn3109175","6",44504747
"190001","cfn0864666","6",44538894
"190002","cfn0864674","6",44540728
"190005","cfn0864681","6",44542230
"190006","cfn0864683","6",44542697
"190012","cfn0864073","6",44546813
"190013","cfn0864075","6",44547116
"190016","cfn0864076","6",44547457
"190022","cfn0875038","6",44551000
"190025","cfn0875055","6",44554104
"190027","cfn0875057","6",44554389
"190028","cfn0875058","6",44554452
"190029","cfn0875060","6",44554663
"190032","cfn0875064","6",44555429
"190034","cfn0875068","6",44555667
"190035","cfn0875070","6",44556425
"190036","cfn0875071","6",44556539
"190037","cfn0875072","6",44556541
"190039","cfn0875027","6",44557249
"190040","cfn0875034","6",44558540
"190050","cfn2902356","6",44805617
"190052","cfn2929995","6",44808545
"190376","cfn1357764","6",61039985
"190419","cfn0855461","6",66354404
"190498","cfn3122687","6",76818217
"190501","cfn0876319","6",77071480
"190504","cfn0869471","6",77149536
"190506","cfn0869467","6",77168673
"190514","cfn0869350","6",79273159
"190539","cfn3143428","6",83211989
"190544","cfn3083983","6",83994512
"190564","cfn1760546","6",86935329
"190584","cfn0875539","6",88942346
"190587","cfn0877206","6",89844252
"190590","cfn0873788","6",90415813
"190592","cfn0866853","6",90423006
"190599","cfn3112484","6",91618988
"190601","cfn0865736","6",91762676
"190613","cfn0865278","6",93053829
"190614","cfn3118543","6",93077278
"190616","cfn0865941","6",93366336
"190620","cfn3082131","6",94505720
"190627","cfn0873463","6",95512581
"190633","cfn0863704","6",96815220
"190637","cfn3115224","6",96838280
"190641","cfn3077009","6",97076848
"190643","cfn3145830","6",97099967
"190661","cfn3117171","6",98215704
"190664","cfn3109001","6",98540556
"190699","cfn0877135","6",108865271
"190897","cfn0876525","6",113336389
"190898","cfn0876527","6",113336997
"190899","cfn0876528","6",113337034
"190901","cfn3104172","6",113414178
"190906","cfn3102397","6",113538830
"190907","cfn0870242","6",113539255
"190908","cfn0870243","6",113539360
"190910","cfn0870246","6",113539894
"190912","cfn3068052","6",113548925
"190913","cfn0868103","6",113560994
"190914","cfn3066227","6",113565283
"190917","cfn0865346","6",113571440
"190918","cfn0865344","6",113571772
"190919","cfn0871378","6",113579496
"190920","cfn0871376","6",113579738
"190924","cfn0875396","6",113590802
"190925","cfn0875397","6",113590873
"190926","cfn0875398","6",113591150
"190927","cfn0875400","6",113591432
"190928","cfn0870432","6",113636139
"190929","cfn0871595","6",113637223
"190943","cfn3068351","6",114653161
"190945","cfn0877183","6",114657638
"190946","cfn0877184","6",114657875
"190949","cfn0877188","6",114659787
"190952","cfn3121584","6",114918234
"190953","cfn3121577","6",114925428
"190955","cfn3107845","6",115028194
"190957","cfn3097701","6",115288653
"190958","cfn3097697","6",115289214
"190959","cfn3069415","6",115588091
"190960","cfn0877021","6",115592326
"190962","cfn0877016","6",115594555
"190963","cfn0868196","6",115595989
"190970","cfn0868214","6",115598617
"190973","cfn0868220","6",115599145
"190976","cfn0868225","6",115599729
"191144","cfn0868524","6",118760705
"191146","cfn3128716","6",118967492
"191153","cfn3127414","6",119059324
"191154","cfn3127413","6",119059396
"191155","cfn3127411","6",119059561
"191156","cfn3111684","6",119115479
"191157","cfn3111679","6",119115675
"191161","cfn3117203","6",119253952
"191162","cfn3117198","6",119254465
"191164","cfn3080920","6",119258256
"191165","cfn0866908","6",119266962
"191167","cfn0866910","6",119267196
"191168","cfn3117544","6",119273912
"191170","cfn0863899","6",119285271
"191171","cfn0863898","6",119285323
"191172","cfn3093310","6",119362065
"191175","cfn3093322","6",119370255
"191177","cfn0865753","6",119486040
"191179","cfn0877045","6",119498564
"191180","cfn0873965","6",119530510
"191181","cfn0873966","6",119530610
"191182","cfn0873970","6",119531223
"191184","cfn0873974","6",119531734
"191187","cfn0870256","6",119612532
"191188","cfn0864810","6",119614696
"191190","cfn0864793","6",119615607
"191191","cfn0864796","6",119616316
"191192","cfn0864802","6",119618037
"191195","cfn0864808","6",119618951
"191199","cfn0876749","6",119624542
"191215","cfn0873883","6",119695537
"191221","cfn3114459","6",119716503
"191276","cfn3070968","6",120478267
"191281","cfn3087986","6",120532623
"191283","cfn3121941","6",120597331
"191284","cfn3121937","6",120597650
"191285","cfn3121936","6",120597685
"191286","cfn3110139","6",120623841
"191288","cfn3124226","6",120627459
"191291","cfn3124222","6",120627928
"191292","cfn3124206","6",120629216
"191294","cfn3129048","6",120761625
"191298","cfn0868696","6",120825603
"191299","cfn0868657","6",120825705
"191305","cfn0868678","6",120829638
"191306","cfn0868682","6",120830046
"191307","cfn0868683","6",120830061
"191308","cfn0868686","6",120830426
"191320","cfn3065433","6",120902714
"191327","cfn3124157","6",120954998
"191328","cfn3124159","6",120955125
"191330","cfn3098444","6",120961288
"191342","cfn3089111","6",121066358
"191343","cfn0868450","6",121106584
"191344","cfn3107190","6",121144046
"191348","cfn0876686","6",121151172
"191349","cfn3100038","6",121495127
"191351","cfn0869877","6",121497900
"191352","cfn0869875","6",121498154
"191353","cfn0869941","6",121505214
"191356","cfn0869935","6",121507030
"191383","cfn0873498","6",122045421
"191391","cfn3071335","6",122149149
"191392","cfn3071336","6",122149508
"191393","cfn3067647","6",122168916
"191394","cfn3135836","6",122188927
"191396","cfn0867601","6",122257268
"191397","cfn3068557","6",122309473
"191398","cfn3068537","6",122310762
"191399","cfn0865595","6",122319070
"191401","cfn0865608","6",122320020
"191402","cfn0865607","6",122320040
"191403","cfn0865606","6",122320137
"191405","cfn3103503","6",122324211
"191407","cfn3080161","6",122389466
"191408","cfn3080178","6",122390973
"191409","cfn3085601","6",122401254
"191410","cfn3085597","6",122401556
"191411","cfn3096928","6",122420464
"191412","cfn3108567","6",122467288
"191416","cfn0873324","6",122736850
"191417","cfn0873328","6",122737129
"191419","cfn0873337","6",122738328
"191423","cfn0873348","6",122739527
"191427","cfn0872204","6",124051939
"191429","cfn3116194","6",124312678
"191438","cfn3065152","6",124781246
"191446","cfn0874621","6",124991126
"191457","cfn0874608","6",124996295
"191460","cfn0869950","6",125183573
"191468","cfn3128121","6",125405806
"191469","cfn3128122","6",125406229
"191470","cfn3128132","6",125407113
"191472","cfn3096251","6",125472097
"191477","cfn0865433","6",125510857
"191478","cfn0865432","6",125511011
"191484","cfn3103952","6",125525939
"191485","cfn3103954","6",125526005
"191489","cfn3069671","6",125622252
"191490","cfn3108995","6",125652317
"191492","cfn3108999","6",125653566
"191498","cfn0863800","6",125741282
"191499","cfn0863804","6",125742065
"191500","cfn0863809","6",125743531
"191505","cfn0875726","6",125943989
"191507","cfn3074495","6",126045962
"191508","cfn0865922","6",126047276
"191509","cfn0865923","6",126047335
"191510","cfn0865924","6",126048263
"191511","cfn0865925","6",126048287
"191512","cfn0875872","6",126050137
"191513","cfn0875873","6",126050188
"191518","cfn0877069","6",126243535
"191528","cfn0868737","6",126477556
"191537","cfn0868718","6",126480668
"191538","cfn0872743","6",126490441
"191592","cfn3111700","6",127432412
"191597","cfn3116357","6",127852234
"192048","cfn0869380","6",139758230
"192934","cfn0872033","6",158238048
"192935","cfn0872030","6",158242263
"192936","cfn3126781","6",158246158
"192937","cfn3126778","6",158246387
"193091","cfn0876592","6",168415685
"193097","cfn1123811","6",168485877
"193098","cfn1123810","6",168485936
"193300","cfn0877283","6",182558427
"193303","cfn0867728","6",182580987
"193308","cfn3068704","6",182590910
"193935","cfn1359705","6",213259743
"194388","cfn3073800","6",237931311
"195400","cfn2982232","6",330556189
"195617","cfn3061400","6",360586665
"196408","cfn0857913","6",429261861
"196568","cfn0858511","6",435164006
"196570","cfn2960922","6",435175337
"196573","cfn2979815","6",435340016
"196575","cfn2999537","6",435470496
"196586","cfn3004752","6",435716975
"196595","cfn0850169","6",436205252
"196628","cfn0854680","6",436695531
"196678","cfn2996283","6",438100971
"196683","cfn0852007","6",438354975
"196686","cfn0852019","6",438355663
"196687","cfn0852015","6",438355930
"196689","cfn0852013","6",438355984
"196690","cfn0853985","6",438463639
"196691","cfn0853986","6",438463825
"196696","cfn0854002","6",438469023
"196697","cfn0854003","6",438469275
"196700","cfn3009772","6",438481593
"196702","cfn3009784","6",438483028
"196716","cfn3046904","6",438858704
"196735","cfn3045357","6",439162564
"196745","cfn0862495","6",439367895
"196747","cfn0862493","6",439368091
"197027","cfn0852814","6",447341281
"197033","cfn3011447","6",447842358
"197034","cfn3010435","6",447845832
"197035","cfn3010478","6",447848185
"197037","cfn2970791","6",447853439
"197038","cfn2987232","6",447902654
"197039","cfn2987161","6",447903125
"197042","cfn0851246","6",447956685
"197045","cfn0851250","6",447957864
"197048","cfn0861108","6",447963332
"197054","cfn3062222","6",447984955
"197135","cfn3015576","6",448391709
"197140","cfn0853815","6",448616801
"197149","cfn0855253","6",448783190
"197150","cfn2997088","6",448791139
"197151","cfn2986078","6",448921332
"197154","cfn0851795","6",449467164
"197156","cfn2981971","6",449468414
"197157","cfn0855607","6",449557931
"197158","cfn0855606","6",449557967
"197159","cfn3000654","6",449561240
"197160","cfn3000646","6",449561869
"197161","cfn2990910","6",449735383
"197164","cfn0859090","6",449755739
"197165","cfn0859089","6",449755966
"197168","cfn0859086","6",449756666
"197169","cfn0859084","6",449756834
"197170","cfn0859083","6",449757488
"197171","cfn0859082","6",449757538
"197172","cfn0859081","6",449757975
"197174","cfn0859076","6",449761286
"197183","cfn3025317","6",450189868
"197185","cfn0851497","6",450205317
"197189","cfn0852594","6",450211601
"197190","cfn0852592","6",450211808
"197194","cfn3021726","6",450720966
"197195","cfn3004350","6",450790470
"197196","cfn3004343","6",450791815
"197197","cfn3004338","6",450792964
"197199","cfn0862152","6",450794339
"197201","cfn0862148","6",450794531
"197202","cfn3053121","6",450795732
"197203","cfn0856352","6",450819629
"197204","cfn0856350","6",450819923
"197205","cfn0862292","6",450821217
"197207","cfn3054129","6",450821842
"197208","cfn3026486","6",451335230
"197209","cfn3026474","6",451335994
"197211","cfn3026458","6",451340469
"197357","cfn1266161","6",464337302
"197370","cfn0860662","6",468038914
"197421","cfn0862718","6",480371801
"197426","cfn0861563","6",481329401
"197427","cfn3056655","6",481341917
"197428","cfn2962986","6",481412967
"197430","cfn2963380","6",481481878
"197432","cfn2996233","6",481489743
"197433","cfn3005091","6",481492103
"197434","cfn3001814","6",481561536
"198346","cfn0854366","6",509108979
"198380","cfn0850492","6",516404379
"198381","cfn3110207","6",517127563
"198382","cfn0857994","6",517374935
"198399","cfn0861154","6",521954548
"198415","cfn3062864","6",525349067
"198416","cfn0862289","6",525504891
"198417","cfn0862288","6",525505816
"198418","cfn0862287","6",525505864
"198419","cfn3053919","6",525507525
"198422","cfn3011701","6",525792454
"198424","cfn0852114","6",525900680
"198436","cfn0857960","6",527683627
"198467","cfn0860796","6",537243303
"198472","cfn0724978","6",537557418
"198474","cfn2989689","6",537688824
"198485","cfn0855276","6",541514621
"198503","cfn2968804","6",544253880
"198947","cfn3012844","6",554092905
"198949","cfn0852636","6",554096226
"198954","cfn0852615","6",554096891
"198955","cfn0852617","6",554097125
"198958","cfn0852621","6",554097768
"198966","cfn3063352","6",554464784
"198968","cfn3049903","6",554512246
"198969","cfn3046125","6",554513194
"198988","cfn0853415","6",554656206
"199001","cfn2974004","6",555208577
"199007","cfn3058145","6",556833843
"199016","cfn0852581","6",560130183
"199043","cfn0849951","6",567312794
"199045","cfn2978102","6",567442536
"199050","cfn3043657","6",567620629
"199052","cfn0850127","6",567652748
"199053","cfn0850129","6",567653840
"199058","cfn2966501","6",567724619
"199062","cfn2999781","6",567739239
"199063","cfn2999787","6",567740423
"199066","cfn0852493","6",567759104
"199078","cfn2994720","6",571162660
"199083","cfn2975458","6",573768068
"199090","cfn0860851","6",576225806
"199092","cfn0858102","6",576732393
"199100","cfn3002215","6",579592268
"199110","cfn0858034","6",582699710
"199116","cfn0859881","6",583426567
"199289","cfn2978437","6",591732155
"199290","cfn2997582","6",591755418
"199291","cfn2960869","6",591757733
"199296","cfn0855179","6",591804123
"199298","cfn2964535","6",591842843
"199301","cfn3032388","6",591848683
"199303","cfn0855421","6",592106958
"199304","cfn0855418","6",592108573
"199305","cfn0855420","6",592108658
"199306","cfn0855422","6",592109607
"199313","cfn0852683","6",592433074
"199314","cfn0852684","6",592433176
"199315","cfn0852685","6",592433306
"199317","cfn0855020","6",592443402
"199321","cfn0862231","6",592449667
"199322","cfn0862221","6",592455000
"199328","cfn3039099","6",592769285
"199329","cfn3023744","6",592771671
"199336","cfn2961528","6",592933091
"199337","cfn2961524","6",592933286
"199341","cfn3001283","6",592960808
"199345","cfn0862979","6",593287951
"199346","cfn0862977","6",593288321
"199348","cfn3056360","6",593305040
"199349","cfn2983724","6",593438115
"199351","cfn2983696","6",593440181
"199354","cfn3055097","6",593455031
"199360","cfn3048808","6",593543499
"199363","cfn2990182","6",593612248
"199368","cfn2959860","6",593713180
"199375","cfn0854239","6",593724865
"199376","cfn0854236","6",593726015
"199377","cfn0854230","6",593728166
"199378","cfn0854252","6",593729035
"199382","cfn3055070","6",594323183
"199383","cfn3055057","6",594328389
"199384","cfn3055063","6",594328634
"199385","cfn3017450","6",594336179
"199386","cfn3051010","6",594348111
"199392","cfn0859053","6",594404313
"199393","cfn0859057","6",594404591
"199394","cfn3031049","6",594540377
"199398","cfn0850153","6",594574879
"199399","cfn0850140","6",594576427
"199400","cfn0850145","6",594577822
"199401","cfn0850146","6",594577915
"199404","cfn0850149","6",594579092
"199408","cfn0860953","6",594788701
"199409","cfn0860954","6",594792790
"199410","cfn0852316","6",594796144
"199411","cfn0851807","6",594799005
"199416","cfn3057218","6",594988426
"199418","cfn0855285","6",594995574
"199419","cfn0855283","6",594997240
"199420","cfn0855282","6",594997285
"199425","cfn0855290","6",594999762
"199431","cfn0851337","6",595349206
"199432","cfn0851324","6",595350887
"199433","cfn0851325","6",595350969
"199435","cfn0851330","6",595351673
"199438","cfn2968212","6",595352684
"199439","cfn2968221","6",595353657
"199442","cfn0855342","6",595568378
"199452","cfn0852849","6",596086213
"199455","cfn2983987","6",596246817
"199459","cfn0860877","6",596355300
"199462","cfn0861471","6",596549918
"199466","cfn0858104","6",596754009
"199467","cfn0858106","6",596758447
"199469","cfn3021905","6",596760723
"199471","cfn0861159","6",596773852
"199472","cfn0861162","6",596774087
"199473","cfn0861164","6",596774158
"199474","cfn0861165","6",596774390
"199475","cfn0861166","6",596774546
"199476","cfn0861167","6",596774803
"199478","cfn2976840","6",596995746
"199480","cfn2976847","6",597000155
"199482","cfn3016856","6",597065100
"199484","cfn3050283","6",597069459
"199487","cfn3061047","6",597164435
"199488","cfn3049067","6",597185846
"199490","cfn3000112","6",597239234
"199492","cfn3033305","6",597242955
"199495","cfn3040449","6",597246660
"199496","cfn0860186","6",597252309
"199501","cfn3037709","6",597452720
"199503","cfn2969156","6",597524141
"199504","cfn2966490","6",597578952
"199512","cfn3049107","6",597708792
"199514","cfn2983641","6",597744531
"199527","cfn3011742","6",598495345
"199530","cfn3005150","6",598629107
"199532","cfn3028242","6",598929899
"199533","cfn3028244","6",598930089
"199539","cfn3012747","6",599150270
"199540","cfn2698500","6",599150312
"199542","cfn3012761","6",599151324
"199543","cfn0851799","6",599152555
"199544","cfn0851784","6",599156086
"199545","cfn0851785","6",599156530
"199549","cfn0856026","6",599164357
"199550","cfn0856028","6",599164962
"199552","cfn0856030","6",599165033
"199553","cfn2971052","6",599438693
"199556","cfn0851790","6",599441933
"199559","cfn0851793","6",599442047
"199562","cfn2971033","6",599442602
"199563","cfn2965984","6",599511701
"199565","cfn2974279","6",599622157
"199569","cfn2990062","6",599644969
"199572","cfn3056255","6",599781826
"199573","cfn0862667","6",599782360
"199581","cfn0856804","6",599800422
"199585","cfn2981164","6",599856910
"199587","cfn0853245","6",599857986
"199588","cfn0853269","6",599858325
"199589","cfn0853268","6",599858456
"199593","cfn0853260","6",599859810
"199596","cfn0853247","6",599865485
"199597","cfn0853263","6",599867411
"199600","cfn0862591","6",599872540
"199602","cfn3057041","6",599875805
"199603","cfn3054507","6",599942853
"199604","cfn3054494","6",599945134
"199607","cfn2963858","6",600144572
"199608","cfn0850605","6",600145884
"199609","cfn0850603","6",600146070
"199611","cfn0850601","6",600146464
"199613","cfn0851021","6",600148663
"199616","cfn0851014","6",600150714
"199617","cfn0851015","6",600150781
"199621","cfn0851019","6",600152161
"199623","cfn3054297","6",600155345
"199625","cfn0860941","6",600175577
"199626","cfn0851402","6",600181230
"199627","cfn0851401","6",600182310
"199628","cfn0851405","6",600185043
"199630","cfn0851412","6",600186461
"199634","cfn3048961","6",600204023
"199635","cfn3010903","6",600207120
"199636","cfn2959369","6",600442949
"199637","cfn0856950","6",600445163
"199638","cfn0857410","6",600446830
"199640","cfn3000189","6",600542340
"199644","cfn0853049","6",600685378
"199646","cfn0860865","6",600742094
"199652","cfn0860867","6",600743510
"199654","cfn2965131","6",600752443
"199655","cfn3030384","6",600775396
"199664","cfn2971965","6",600954726
"199665","cfn2979121","6",600960359
"199672","cfn0853282","6",601042127
"199917","cfn0854138","6",607554190
"199923","cfn3034238","6",607760242
"199925","cfn2959706","6",607836678
"199928","cfn3031109","6",607901439
"199931","cfn0854671","6",608144082
"199933","cfn2983048","6",608168249
"199934","cfn2989897","6",608171695
"199941","cfn3026575","6",608342363
"199944","cfn0856268","6",608363257
"199945","cfn0856249","6",608363718
"199947","cfn0856251","6",608363948
"199949","cfn0856255","6",608367279
"199955","cfn0856267","6",608371429
"199957","cfn0856270","6",608372145
"199958","cfn0852091","6",608372985
"199961","cfn0852086","6",608373629
"199967","cfn0852078","6",608375554
"199971","cfn0852072","6",608377079
"199976","cfn2983853","6",608382470
"199979","cfn0851346","6",608605227
"199980","cfn0851345","6",608605279
"199981","cfn0859709","6",608607567
"199995","cfn0862526","6",608665984
"199996","cfn0856161","6",608667397
"199998","cfn0856159","6",608667750
"200007","cfn2960623","6",608738760
"200008","cfn2979166","6",608750987
"200018","cfn3008099","6",608869300
"200019","cfn3008097","6",608869419
"200020","cfn2978522","6",608902076
"200024","cfn0854969","6",608985350
"200026","cfn0853712","6",609200616
"200029","cfn0853544","6",609263426
"200031","cfn2969622","6",609270949
"200034","cfn0862545","6",609274188
"200036","cfn0850360","6",609278022
"200037","cfn0850361","6",609278025
"200038","cfn0850363","6",609278734
"200039","cfn2962283","6",609279947
"200042","cfn3045396","6",609319345
"200043","cfn2960778","6",609323908
"200045","cfn0855840","6",609346759
"200048","cfn0850848","6",609357113
"200059","cfn2997262","6",609578036
"200061","cfn0857702","6",609793475
"200067","cfn3045534","6",609910796
"200074","cfn0863453","6",609941427
"200078","cfn0863444","6",609942689
"200482","cfn2976778","6",618668584
"200606","cfn0861436","6",620472929
"200616","cfn0860042","6",620572426
"200622","cfn0858676","6",621407049
"200623","cfn0858659","6",621407742
"200624","cfn0858665","6",621410256
"200629","cfn0858673","6",621413190
"200631","cfn0858678","6",621415357
"200632","cfn0858679","6",621415498
"200647","cfn2984697","6",621764046
"200648","cfn3052074","6",622011297
"200650","cfn0851100","6",622271499
"200655","cfn0851090","6",622277557
"200656","cfn2966812","6",622277694
"200658","cfn0854790","6",622287305
"200659","cfn0854789","6",622287354
"200660","cfn0854799","6",622287789
"200661","cfn0854796","6",622287995
"200665","cfn3063103","6",622317042
"200697","cfn0829248","6",622549078
"200731","cfn0858893","6",623177881
"200736","cfn0853668","6",623194495
"200753","cfn2964326","6",623242645
"200761","cfn2962300","6",623647042
"200762","cfn0858904","6",623698851
"200767","cfn0858886","6",623715471
"200771","cfn0853638","6",623724154
"200774","cfn0853646","6",623724942
"200843","cfn3063246","6",624359581
"200889","cfn2972648","6",625086511
"200893","cfn3041513","6",625092353
"201161","cfn0860244","6",630396013
"201469","cfn3042058","6",636052592
"201470","cfn0860698","6",636053640
"201471","cfn3014846","6",636070262
"201472","cfn3014867","6",636073263
"201478","cfn2966129","6",636099191
"201482","cfn3002675","6",636105073
"201483","cfn0855803","6",636105768
"201484","cfn0855800","6",636105986
"201487","cfn0855794","6",636106730
"201496","cfn2998070","6",636111786
"201497","cfn2998077","6",636113362
"201507","cfn2993180","6",636463687
"201512","cfn2972815","6",636509861
"201517","cfn3023361","6",636725609
"201518","cfn3035367","6",636726424
"201521","cfn3062830","6",636774373
"201687","cfn0877019","6",638617946
"201814","cfn0852168","6",639925532
"201815","cfn0852165","6",639925699
"201817","cfn0852163","6",639926325
"201818","cfn0858425","6",639927272
"201819","cfn0858423","6",639927895
"201820","cfn0858421","6",639928956
"201821","cfn0858420","6",639929886
"201824","cfn0858416","6",639933094
"201917","cfn0860830","6",641515173
"201949","cfn0855064","6",644704589
"201950","cfn0855061","6",644705089
"201951","cfn0855060","6",644705098
"201954","cfn0850995","6",644758286
"201956","cfn0863396","6",644758868
"201957","cfn0863414","6",644759566
"201960","cfn0863402","6",644762238
"201961","cfn0863403","6",644763594
"201964","cfn0863407","6",644764045
"201967","cfn0863412","6",644765050
"201970","cfn0852575","6",644767591
"201977","cfn2981515","6",645037250
"201979","cfn0862270","6",645043264
"201986","cfn0855458","6",645265139
"201989","cfn0859043","6",645269498
"201990","cfn0859045","6",645269583
"201991","cfn0859046","6",645269686
"201992","cfn2984539","6",645271112
"201995","cfn0853709","6",645274248
"201996","cfn0853711","6",645274510
"201998","cfn3046300","6",645342974
"201999","cfn2984981","6",645351750
"202001","cfn0857454","6",645618721
"202105","cfn0857460","6",650047815
"202111","cfn2962536","6",650656619
"202115","cfn0691130","6",651565417
"202117","cfn0856903","6",651840453
"202120","cfn0854558","6",652098266
"202125","cfn0861384","6",652181471
"202132","cfn3019870","6",652362349
"202133","cfn3019873","6",652362594
"202134","cfn2968066","6",652470011
"202135","cfn2970997","6",652505154
"202136","cfn3042317","6",652507906
"202137","cfn0855640","6",652642348
"202138","cfn0853539","6",652686188
"202144","cfn2965295","6",652752399
"202145","cfn2976123","6",652763388
"202157","cfn1399251","6",652804950
"202167","cfn3042072","6",653078737
"202168","cfn2974648","6",653104278
"202174","cfn3055029","6",653136153
"202175","cfn3031972","6",653137562
"202177","cfn2965370","6",653164798
"202202","cfn3023057","6",653709696
"202204","cfn3001218","6",653715227
"202209","cfn3040271","6",653923621
"202227","cfn3005474","6",654149007
"202238","cfn0861130","6",654354911
"202239","cfn2969320","6",654647516
"202245","cfn3062705","6",654691831
"202246","cfn3021061","6",654693158
"202253","cfn3005806","6",654800835
"202254","cfn3005798","6",654801342
"202255","cfn3005797","6",654801412
"202259","cfn2995342","6",654918062
"202263","cfn3026517","6",654946442
"202266","cfn0860461","6",655121268
"202268","cfn3020295","6",655131905
"202269","cfn0859819","6",655205551
"202275","cfn0604998","6",655879934
"202324","cfn0856990","6",656851061
"202358","cfn0857780","6",657182565
"202359","cfn0857781","6",657182577
"202366","cfn3019952","6",657187072
"202374","cfn3026326","6",657256124
"202375","cfn3031510","6",657282508
"202376","cfn0855657","6",657308389
"202378","cfn0852408","6",657311805
"202380","cfn0852413","6",657312229
"202389","cfn0861889","6",657406410
"202392","cfn0861894","6",657407078
"202393","cfn0861895","6",657407167
"202396","cfn0861899","6",657407482
"202398","cfn0861901","6",657407573
"202403","cfn3004444","6",657521653
"202405","cfn3004310","6",657545413
"202406","cfn3018316","6",657552001
"202409","cfn3002715","6",657587198
"202414","cfn3035702","6",657633582
"202415","cfn3035722","6",657634176
"202417","cfn3029905","6",657667689
"202421","cfn0862164","6",657679610
"202423","cfn0862166","6",657680112
"202424","cfn0855945","6",657684970
"202428","cfn3039496","6",657701719
"202430","cfn3025137","6",657732731
"202436","cfn3021014","6",657766532
"202439","cfn3051381","6",657871912
"202442","cfn3050214","6",658215501
"202443","cfn0862796","6",658236578
"202457","cfn2979445","6",658684041
"202458","cfn3021498","6",658735057
"202459","cfn3021457","6",658738321
"202461","cfn0851967","6",658852292
"202470","cfn0850517","6",658875084
"202472","cfn0861204","6",658876685
"202474","cfn0861209","6",658877231
"202478","cfn2999063","6",658897460
"202480","cfn2999042","6",658899659
"202485","cfn0852959","6",658975463
"202489","cfn2959693","6",658988266
"202490","cfn3051458","6",658990604
"202491","cfn2959691","6",659024339
"202494","cfn2988157","6",659109382
"202496","cfn2998429","6",659225758
"202500","cfn2982375","6",659269963
"202520","cfn1763372","6",659683687
"202524","cfn0852586","6",659875696
"202528","cfn3018753","6",660414392
"202535","cfn2882360","6",660591297
"202601","cfn0861030","6",662561086
"202605","cfn0850232","6",662562693
"202608","cfn0850227","6",662564040
"202610","cfn0850231","6",662565761
"202613","cfn2960374","6",662684104
"202617","cfn0856218","6",662819838
"202618","cfn0856211","6",662820044
"202619","cfn0856213","6",662821831
"202621","cfn0850160","6",662886343
"202622","cfn0850161","6",662886374
"202623","cfn0850162","6",662886549
"202625","cfn0861256","6",662888252
"202626","cfn0861258","6",662888392
"202627","cfn0861242","6",662888912
"202628","cfn0861243","6",662888967
"202638","cfn3022145","6",663044534
"202639","cfn3005398","6",663074758
"202640","cfn3044803","6",663081817
"202645","cfn0861332","6",663146346
"202818","cfn0877754","6",667066508
"202922","cfn0855473","6",668131726
"202984","cfn2990844","6",668787612
"202986","cfn3058969","6",668865671
"202987","cfn2973578","6",668944315
"202988","cfn2973583","6",668945727
"202989","cfn0879443","6",668947386
"203014","cfn0831040","6",668975803
"203033","cfn0850439","6",669013925
"203036","cfn0852175","6",669019910
"203037","cfn0852176","6",669020049
"203038","cfn0852179","6",669020301
"203041","cfn2961033","6",669143059
"203042","cfn2964161","6",669145538
"203047","cfn2963072","6",669204384
"203049","cfn0862077","6",669261587
"203050","cfn0851161","6",669262129
"203054","cfn2967248","6",669345184
"203055","cfn2967252","6",669345459
"203056","cfn0858098","6",669371451
"203058","cfn2971225","6",669388747
"203059","cfn0862971","6",669409568
"203061","cfn0861785","6",669423170
"203062","cfn0861787","6",669423351
"203063","cfn0861779","6",669423427
"203065","cfn0861781","6",669423628
"203066","cfn0861783","6",669423960
"203068","cfn0832999","6",669425088
"203070","cfn3028072","6",669433796
"203072","cfn3061486","6",669564525
"203073","cfn3028545","6",669570980
"203074","cfn0858616","6",669647938
"203077","cfn0858622","6",669648525
"203080","cfn2991072","6",669725506
"203082","cfn0856396","6",669731698
"203084","cfn0856394","6",669731793
"203085","cfn0856393","6",669731868
"203088","cfn0856386","6",669733211
"203090","cfn3163725","6",669733475
"203095","cfn0863084","6",669737510
"203096","cfn0850238","6",669774893
"203097","cfn0850242","6",669775151
"203103","cfn0851393","6",669778295
"203104","cfn2961980","6",669779425
"203105","cfn3054027","6",669789671
"203106","cfn3054020","6",669790058
"203108","cfn3004781","6",669872429
"203113","cfn2962645","6",670000221
"203114","cfn2962656","6",670002273
"203115","cfn2962655","6",670002385
"203116","cfn2962646","6",670002823
"203123","cfn0851612","6",670009462
"203124","cfn0851613","6",670009485
"203125","cfn0851614","6",670009713
"203131","cfn3042790","6",670029305
"203142","cfn1287483","6",670287015
"203321","cfn0880692","6",672321228
"203325","cfn0857783","6",672426237
"203332","cfn3033931","6",672557204
"203340","cfn3012398","6",673055340
"203341","cfn2990941","6",673061092
"203348","cfn0860805","6",673706254
"203361","cfn0880259","6",673798507
"203373","cfn3015510","6",674093889
"203391","cfn0856829","6",674160061
"203392","cfn0856827","6",674160479
"203395","cfn0856844","6",674161070
"203400","cfn0856837","6",674171990
"203420","cfn3151376","6",674494104
"203422","cfn3048731","6",674496593
"203432","cfn0861991","6",674529506
"203434","cfn0861999","6",674530321
"203437","cfn3056844","6",674537907
"203438","cfn3012802","6",674553350
"203440","cfn3036612","6",674719007
"203444","cfn2974772","6",674926490
"203446","cfn2995007","6",675045524
"203459","cfn0860843","6",675084703
"203460","cfn0860844","6",675084889
"203462","cfn0860846","6",675085727
"203465","cfn0860850","6",675087608
"203468","cfn3049504","6",675091515
"203472","cfn3009606","6",675108149
"203473","cfn2992657","6",675125582
"203477","cfn2995164","6",675131376
"203483","cfn3032147","6",675238759
"203485","cfn0861630","6",675240807
"203486","cfn0861632","6",675241034
"203488","cfn0861627","6",675243967
"203489","cfn0861628","6",675244155
"203491","cfn0861633","6",675247648
"203492","cfn0861634","6",675248123
"203497","cfn0861617","6",675252369
"203499","cfn0879139","6",675254666
"203966","cfn2947930","6",682634277
"204066","cfn0857745","6",683857517
"204146","cfn0831187","6",684592645
"204217","cfn0885665","6",686382463
"204221","cfn3161118","6",686853310
"204262","cfn3155474","6",687596729
"204310","cfn0825252","6",687818108
"204325","cfn3152309","6",687870198
"204418","cfn0825898","6",688490078
"204425","cfn0835723","6",688887636
"204599","cfn0826678","6",689680220
"204763","cfn0881579","6",691084569
"204764","cfn0881580","6",691084703
"204766","cfn0881583","6",691085155
"204768","cfn0881590","6",691086955
"204864","cfn3015441","6",692377632
"204948","cfn0854541","6",694136012
"204949","cfn0854545","6",694136379
"204950","cfn2972254","6",694218972
"204951","cfn2972240","6",694223424
"204954","cfn3007068","6",694295284
"204956","cfn0862887","6",694301537
"204957","cfn0862896","6",694302536
"204964","cfn0853587","6",694443071
"204965","cfn0853584","6",694443317
"204966","cfn0853583","6",694443515
"204967","cfn0853580","6",694443661
"204969","cfn0853573","6",694445404
"204972","cfn0853568","6",694445968
"204974","cfn0853560","6",694447489
"204975","cfn0853557","6",694447972
"204976","cfn0853555","6",694448315
"204978","cfn0853552","6",694448546
"204979","cfn0853550","6",694448969
"204980","cfn0853549","6",694449952
"204982","cfn3034453","6",694499995
"204984","cfn0856752","6",694624780
"204985","cfn0856753","6",694625209
"204988","cfn0849808","6",694648543
"204989","cfn0849792","6",694649004
"204992","cfn0849799","6",694651945
"204993","cfn0849801","6",694652515
"204994","cfn0849804","6",694652899
"204995","cfn0849805","6",694652915
"204998","cfn0853958","6",694655710
"205000","cfn3015867","6",694663592
"205001","cfn3046792","6",694673419
"205003","cfn3026908","6",694682514
"205004","cfn3026867","6",694682801
"205010","cfn3010205","6",694700363
"205012","cfn3010213","6",694707117
"205015","cfn0855353","6",694791842
"205016","cfn0855350","6",694792537
"205019","cfn0857401","6",694976458
"205020","cfn0852395","6",694980274
"205021","cfn0852394","6",694980351
"205024","cfn0852389","6",694981718
"205026","cfn0852387","6",694981945
"205063","cfn0862397","6",695084087
"205065","cfn0862391","6",695086966
"205066","cfn0862422","6",695087642
"205067","cfn0862421","6",695087868
"205069","cfn0862419","6",695088415
"205070","cfn0862417","6",695089265
"205074","cfn0857403","6",695098604
"205077","cfn0624221","6",695133525
"205081","cfn3052698","6",695150181
"205085","cfn3001540","6",695194668
"205086","cfn3047708","6",695213931
"205087","cfn2963103","6",695223246
"205089","cfn2987406","6",695278675
"205090","cfn0854147","6",695281893
"205091","cfn0854143","6",695282903
"205092","cfn3035162","6",695367898
"205093","cfn2967244","6",695375160
"205097","cfn0860248","6",695378830
"205099","cfn3037438","6",695385938
"205105","cfn2969112","6",695575072
"205109","cfn0851862","6",695641528
"205110","cfn0851859","6",695641909
"205111","cfn0858306","6",695642526
"205114","cfn0858308","6",695642805
"205117","cfn0858310","6",695643615
"205118","cfn0858311","6",695643768
"205119","cfn0858313","6",695644146
"205120","cfn0858315","6",695644728
"205126","cfn2967620","6",695679234
"205139","cfn2962575","6",696122288
